Corpus	Query	Terms	Scoped	Rank	Title	Link	Sim Title	Sim Words	Sim Bigrams	Bit Vector	Exact Match	ContainsTerms	Relevant
hbreader.org	一腳印	2	FALSE	1	A Footprint with Every Step  一步一腳印	http://hbreader.org/wenji/miyun_shengming67.html	1	1	1	1	1	一腳印	1
hbreader.org	一腳印	2	FALSE	2	Chapter 1: Don't be Lacking - One Step, One Foot 卷一　不可缺 一步一腳印	http://hbreader.org/wenji/wanshi07002.html	1	0.987608	0.968682	1	1	一腳印	1
hbreader.org	一腳印	2	FALSE	3	Chapter 3: Unbounded Creativity - Footprints 卷三　創意無限 ■腳印	http://hbreader.org/wenji/wanshi08066.html	0	0.976419	0.853587	1	1	一腳印	1
hbreader.org	一腳印	2	FALSE	4	Chapter 4: The Beauty of Transcendence - History 卷四　超越之美 ■歷史	http://hbreader.org/wenji/wanshi09084.html	0	0.875465	0.57064	1	1	一腳印	1
hbreader.org	一腳印	2	FALSE	5	Being Humble 低　頭	http://hbreader.org/wenji/miyun_heziji07.html	0	0.577605	0.591299	1	1	一腳印	1
hbreader.org	一腳印	2	FALSE	6	In Every Trade, a Master Appears 行行出狀元	http://hbreader.org/wenji/miyun_gaochu53.html	0	0.574379	0.588432	1	1	一腳印	1
hbreader.org	一腳印	2	FALSE	7	Diligence for the Ordinary 拙處力行	http://hbreader.org/wenji/miyun_shengming58.html	0	0.572671	0.585188	1	1	一腳印	1
hbreader.org	一腳印	2	FALSE	8	The Inspiration of Shoes 鞋子的啟示	http://hbreader.org/wenji/miyun_fubao59.html	0	0.571643	0.58378	1	1	一腳印	1
hbreader.org	一腳印	2	FALSE	9	Prefaces - A World of Buddha’s Light “Transmission of the Lamp” Preface by Hsing Yun, Republic 序 ■佛光世界《傳燈》序　　民國‧高希均	http://hbreader.org/wenji/fojiaocongshu09156.html	0	0.698129	0.540843	1	1	一腳印	1
hbreader.org	一腳印	2	FALSE	10	Market Price Indicators 行情表	http://hbreader.org/wenji/miyun_fubao31.html	0	0.569378	0.582379	1	1	一腳印	1
hbreader.org	一腳印	2	FALSE	11	Scroll 3: Development of the Self - Self Improvement 卷三 開發自我 改善自己	http://hbreader.org/wenji/dharmawords7069.html	0	0.564321	0.576842	1	1	一腳印	1
hbreader.org	一腳印	2	FALSE	12	Scroll 1: The Essentials of Handling Affairs - Establishment of an Undertaking 卷一 處事之要 立業成功	http://hbreader.org/wenji/dharmawords8030.html	0	0.561917	0.575474	1	1	一腳印	1
hbreader.org	一腳印	2	FALSE	13	Grand Dreams 春秋大夢	http://hbreader.org/wenji/miyun_fubao63.html	0	0.559335	0.570832	1	1	一腳印	1
hbreader.org	一腳印	2	FALSE	14	Scroll 2 The Path of Cultivation: The Path of Honesty and Sincerity 卷二 修行之道 厚實之道	http://hbreader.org/wenji/dharmawords1063.html	0	0.553553	0.565888	1	1	一腳印	1
hbreader.org	一腳印	2	FALSE	15	Chapter 1: Life's Stations - Cannot Make a Mistake 卷一　人生的站 ■不能錯	http://hbreader.org/wenji/wanshi10012.html	0	0.552581	0.563634	1	1	一腳印	1
hbreader.org	一腳印	2	FALSE	16	Chapter 1: Life's Stations 卷一　人生的站 ■人生的站	http://hbreader.org/wenji/wanshi10007.html	0	0.551805	0.563261	1	1	一腳印	1
hbreader.org	一腳印	2	FALSE	17	Buddhism and the Transportation Industry 佛教與交通事業	http://hbreader.org/wenji/fojiaocongshu08026.html	0	0.55105	0.563131	1	1	一腳印	1
hbreader.org	一腳印	2	FALSE	18	Scroll 2: Why We should Live - Macro and Micro 卷二　為何而活 宏與微	http://hbreader.org/wenji/wanshi03029.html	0	0.551093	0.562142	1	1	一腳印	1
hbreader.org	一腳印	2	FALSE	19	Scroll 3: Planning to Break Out - Shortcuts 卷三　設法突圍 捷徑	http://hbreader.org/wenji/wanshi03055.html	0	0.546897	0.560658	1	1	一腳印	1
hbreader.org	一腳印	2	FALSE	20	Scroll 1: Do not Bicker - Impossible 卷一　不要計較 不可能	http://hbreader.org/wenji/wanshi05008.html	0	0.544925	0.556616	1	1	一腳印	1
hbreader.org	一腳印	2	FALSE	21	Chapter 2: Who to Repent to - The Skillful Use of the Human Body 卷二　向誰懺悔 ■身體的妙用	http://hbreader.org/wenji/wanshi12042.html	0	0.540759	0.552273	1	1	一腳印	1
hbreader.org	一腳印	2	FALSE	22	Chapter 1: Life's Stations - Life's Eight Requests 卷一　人生的站 ■人生八求	http://hbreader.org/wenji/wanshi10002.html	0	0.522182	0.532201	1	1	一腳印	1
hbreader.org	一腳印	2	FALSE	23	Walking 走路	http://hbreader.org/wenji/hezhang4005.html	0	0.49365	0.501848	1	1	一腳印	1
hbreader.org	一腳印	2	FALSE	24	Chapter 9: How did I Travel a Path Abroad?【九說】我怎樣走上國際的道路？	http://hbreader.org/wenji/pinseng010.html	0	0.360034	0.361586	1	1	一腳印	1
hbreader.org	一腳印	2	FALSE	25	10. Buddhist Education and Entertainment - 1. Sports 拾、佛教育樂篇 一、體育活動	http://hbreader.org/wenji/fojiaocongshu07058.html	0	0.339449	0.340904	1	1	一腳印	1
hbreader.org	六成就的重要	3	FALSE	1	Dharma Assembly starts: building causes and conditions - Part 1 [Lecture] 法會啟建因緣分第一 【講話】	http://hbreader.org/wenji/diamond02.html	0	1	1	1	1	六成就的、的重要	1
hbreader.org	六成就的重要	3	FALSE	2	Buddhism and Literature 佛教與文學	http://hbreader.org/wenji/fojiaocongshu08041.html	0	0.431072	0.454509	0.6667	0	六成就的	0
hbreader.org	六成就的重要	3	FALSE	3	Chapter 1: Cultivation of Giving - The Importance of Wisdom 卷一　給的修行 ■「明」的重要	http://hbreader.org/wenji/wanshi12006.html	0	0.198713	0.314431	0.6667	0	的重要	0
hbreader.org	六成就的重要	3	FALSE	4	Scroll 3: The Essentials of Work - The Importance of Punctuality 卷三 工作之要 守時的重要	http://hbreader.org/wenji/dharmawords8081.html	0	0.183488	0.306697	0.6667	0	的重要	0
hbreader.org	六成就的重要	3	FALSE	5	Chapter 3: Honesty is Important 卷三　誠實的重要 誠實的重要	http://hbreader.org/wenji/wanshi07048.html	0	0.178066	0.29734	0.6667	0	的重要	0
hbreader.org	六成就的重要	3	FALSE	6	The Significance of Breathing 呼吸的重要	http://hbreader.org/wenji/miyun_duyiqie22.html	0	0.190844	0.293016	0.6667	0	的重要	0
hbreader.org	六成就的重要	3	FALSE	7	Scroll 3: The Gate of Happiness - The Importance of Honesty 卷三 幸福之門 誠實的重要	http://hbreader.org/wenji/dharmawords10095.html	0	0.184388	0.292245	0.6667	0	的重要	0
hbreader.org	六成就的重要	3	FALSE	8	Scroll 2: The Four Essentials of Being Human - Four Essentials of Conduct 卷二 為人四要 為人四要	http://hbreader.org/wenji/dharmawords6034.html	0	0.175502	0.293113	0.6667	0	的重要	0
hbreader.org	六成就的重要	3	FALSE	9	Treatise on the Perfection of Great Wisdom 大智度論	http://hbreader.org/wenji/fojiaocongshu02039.html	0	0.173084	0.28876	0.6667	0	的重要	0
hbreader.org	六成就的重要	3	FALSE	10	Chapter 3: Unbounded Creativity - Windows 卷三　創意無限 ■窗子	http://hbreader.org/wenji/wanshi08061.html	0	0.169827	0.28307	0.6667	0	的重要	0
hbreader.org	六成就的重要	3	FALSE	11	Scroll 2: Keep Good Thoughts - Keeping Secrets 卷二　存好心 保密	http://hbreader.org/wenji/wanshi05041.html	0	0.184392	0.277628	0.6667	0	的重要	0
hbreader.org	六成就的重要	3	FALSE	12	The Importance of Diligence (Diligence) 精進的重要(精進)	http://hbreader.org/wenji/fojiaocongshu03072.html	0	0.167493	0.279361	0.6667	0	的重要	0
hbreader.org	我很歡喜	3	FALSE	1	Scroll 3: Development of the Self 卷三 開發自我 開發自我	http://hbreader.org/wenji/dharmawords7080.html	0	1	1	1	1	我很、很歡喜	1
hbreader.org	我很歡喜	3	FALSE	2	Lecture 3: Great Joy for All 第三講．皆大歡喜	http://hbreader.org/wenji/monastery_management03.html	0	1.180429	0.956427	1	1	我很、很歡喜	1
hbreader.org	我很歡喜	3	FALSE	3	Chapter 35: Vaisakha’s Great Generosity 第卅五章　毘舍佉大心布施	http://hbreader.org/wenji/shijia038.html	0	1.105988	0.911885	1	1	我很、很歡喜	1
hbreader.org	我很歡喜	3	FALSE	4	Chapter 45: The Ten Great Disciples - Purna: Foremost in Teaching the Dharma 第四十五章　十大比丘弟子 ～說法第一富樓那	http://hbreader.org/wenji/shijia055.html	0	1.003504	0.861709	1	0	我很、很歡喜	1
hbreader.org	我很歡喜	3	FALSE	5	Upali: First in Upholding the Precepts - 3 Leaving Home First for Dharma Brothers 優波離－－持戒第一 (3) 先出家為師兄	http://hbreader.org/wenji/shidadizi098.html	0	1.038516	0.839903	1	0	我很、很歡喜	0
hbreader.org	我很歡喜	3	FALSE	6	Compassionate Support for the Elderly and becoming a Monastic (Cultivation, Diligence) 慈攝老人出家(修持、精進)	http://hbreader.org/wenji/fojiaocongshu03211.html	0	0.860286	0.838779	1	1	我很、很歡喜	1
hbreader.org	我很歡喜	3	FALSE	7	Chapter 45: The Ten Great Disciples - Mahakasyapa: Foremost in Austerities 第四十五章　十大比丘弟子 ～頭陀第一大迦葉	http://hbreader.org/wenji/shijia058.html	0	1.032339	0.799488	1	1	我很、很歡喜	1
hbreader.org	我很歡喜	3	FALSE	8	Purna: Foremost in Expounding the Teachings - 13 Prerequisites of Home for Spreading the Teachings 富樓那－－說法第一 (13) 佈教家的條件	http://hbreader.org/wenji/shidadizi044.html	0	0.832709	0.824926	1	0	我很、很歡喜	0
hbreader.org	我很歡喜	3	FALSE	9	Scroll 1: Wisdom in Life - The Joy of Life 卷一 人生的智慧 快樂的人生	http://hbreader.org/wenji/dharmawords7004.html	0	1.019572	0.765114	1	0	我很、很歡喜	0
hbreader.org	我很歡喜	3	FALSE	10	Mahakasyapa: Foremost in Austerities - 5 Becoming the Buddha's Disciple 大迦葉－－頭陀第一 (5) 做了佛陀的弟子	http://hbreader.org/wenji/shidadizi075.html	0	0.945326	0.774874	1	0	我很、很歡喜	0
hbreader.org	我很歡喜	3	FALSE	11	Chapter 44: Special Teachings - Hariti Changes Heart 第四十四章 　特別的教化 ～鬼子母的改心	http://hbreader.org/wenji/shijia052.html	0	0.972514	0.769304	1	0	我很、很歡喜	0
hbreader.org	我很歡喜	3	FALSE	12	The Harm of Gain (Cultivation) 利養之害(修持)	http://hbreader.org/wenji/fojiaocongshu03163.html	0	0.877076	0.778901	1	1	我很、很歡喜	1
hbreader.org	我很歡喜	3	FALSE	13	The Attainment of a Dalit Woman (Repentance) 摩登伽女證果(懺悔)	http://hbreader.org/wenji/fojiaocongshu03226.html	0	1.012268	0.758955	1	1	我很、很歡喜	1
hbreader.org	我很歡喜	3	FALSE	14	Chapter 24: Three Kasyapas 第廿四章　三迦葉棄邪歸正	http://hbreader.org/wenji/shijia027.html	0	0.971822	0.764241	1	1	我很、很歡喜	1
hbreader.org	我很歡喜	3	FALSE	15	Chapter 42: King Ajatasatru Repents 第四十二章　阿闍世王懺悔得救	http://hbreader.org/wenji/shijia045.html	0	0.947014	0.749627	1	0	我很、很歡喜	0
hbreader.org	我很歡喜	3	FALSE	16	“Carefree - Life Requires Seven Meditation Halls” Preface: Relieved and at Ease 《自在-人生必修七堂禪》序 : 安心與放心	http://hbreader.org/wenji/renjianfojiaoxuwen207.html	0	0.824415	0.763814	1	1	我很、很歡喜	1
hbreader.org	我很歡喜	3	FALSE	17	Purna: Foremost in Expounding the Teachings - 11 The Spirit of Spreading the Teachings 富樓那－－說法第一 (11) 佈教的精神	http://hbreader.org/wenji/shidadizi042.html	0	0.986549	0.732452	1	0	我很、很歡喜	0
hbreader.org	我很歡喜	3	FALSE	18	Subhuti: Foremost in Understand Emptiness - 3 The Buddha Returns to His Seat 須菩提－－解空第一 (3) 歸投佛陀的座下	http://hbreader.org/wenji/shidadizi048.html	0	0.876879	0.743107	1	0	我很、很歡喜	0
hbreader.org	我很歡喜	3	FALSE	19	Chapter 26: Bamboo Grove Monastery 第廿六章　在竹林精舍的教化	http://hbreader.org/wenji/shijia029.html	0	1.072881	0.687095	1	1	我很、很歡喜	1
hbreader.org	我很歡喜	3	FALSE	20	Ajatasutru's Repentance (Repentance) 阿闍世的懺悔(懺悔)	http://hbreader.org/wenji/fojiaocongshu03223.html	0	0.982116	0.69691	1	0	我很、很歡喜	0
hbreader.org	我很歡喜	3	FALSE	21	Remembering Honor and General Happiness 榮總開心記	http://hbreader.org/wenji/hezhang4002.html	0	0.83549	0.707559	1	1	我很、很歡喜	1
hbreader.org	我很歡喜	3	FALSE	22	Take Delight in Shared Joy 美好的隨喜	http://hbreader.org/wenji/miyun_zhenli06b.html	0	1.177646	0.801396	0	1	我很、很歡喜	1
hbreader.org	我很歡喜	3	FALSE	23	Lecture 1: An Overview of the Sutra on the Eight Realizations of the Great Beings 第一講　八大人覺經的概述	http://hbreader.org/wenji/eight_realizations03.html	0	0.851904	0.679953	1	1	我很、很歡喜	1
hbreader.org	我很歡喜	3	FALSE	24	Chapter 46: From Vrji to Vaisali 第四十六章　從越祇國到毘舍離國	http://hbreader.org/wenji/shijia063.html	0	1.029684	0.653513	1	0	我很、很歡喜	0
hbreader.org	我很歡喜	3	FALSE	25	Covering the Ground with Gold to Build Jeta Grove (Giving) 黃金舖地建祇園(布施)	http://hbreader.org/wenji/fojiaocongshu03005.html	0	1.038733	0.649298	1	0	我很、很歡喜	0
hbreader.org	我很歡喜	3	FALSE	26	Chapter 29: Return to Kapilavastu 第廿九章　歸城施法語	http://hbreader.org/wenji/shijia032.html	0	1.07552	0.632393	1	0	我很、很歡喜	1
hbreader.org	我很歡喜	3	FALSE	27	“Between Ignorance and Enlightenment 5” Preface 《迷悟之間５》序	http://hbreader.org/wenji/renjianfojiaoxuwen085.html	0	1.046033	0.777823	0	1	我很、很歡喜	1
hbreader.org	我很歡喜	3	FALSE	28	A Model King (Giving) 模範王(布施)	http://hbreader.org/wenji/fojiaocongshu03021.html	0	1.029816	0.632667	1	0	我很、很歡喜	1
hbreader.org	我很歡喜	3	FALSE	29	18. The Emperor Invited me to Go 十八．皇帝請我去的	http://hbreader.org/wenji/yulin018.html	0	1.032436	0.607967	1	0	我很、很歡喜	0
hbreader.org	我很歡喜	3	FALSE	30	Hsing Yun Diary 22 - Opening the Door to the Mind: Balanced Compassion 星雲日記22～打開心門 平等的慈悲(1993/3/1～1993/3/15)	http://hbreader.org/wenji/riji93007.html	0	0.928638	0.590984	1	0	我很、很歡喜	0
hbreader.org	我很歡喜	3	FALSE	31	Chapter 39: The Renunciation of Matanga 第卅九章　摩登伽女出家證聖果	http://hbreader.org/wenji/shijia042.html	0	0.941749	0.584457	1	1	我很、很歡喜	1
hbreader.org	我很歡喜	3	FALSE	32	Hsing Yun Diary 21 - Compassion is the Treasure of the Buddha's law: Wishing you a prosperous New Year! 星雲日記21～慈悲是寶藏 恭喜發財(1993/2/1～1993/2/15)	http://hbreader.org/wenji/riji93004.html	0	0.995022	0.574918	1	1	我很、很歡喜	1
hbreader.org	我很歡喜	3	FALSE	33	Rahula: Foremost in Esoteric Practices - 4 A Mischievous Childhood Life 羅睺羅－－密行第一 (4) 調皮的童年生活	http://hbreader.org/wenji/shidadizi121.html	0	0.996133	0.573775	1	0	我、很歡喜	0
hbreader.org	我很歡喜	3	FALSE	34	Chapter 25: King Bimbisara Seeks Refuge 第廿五章　頻婆娑羅王的皈依	http://hbreader.org/wenji/shijia028.html	0	1.007325	0.559861	1	0	我很、很歡喜	1
hbreader.org	我很歡喜	3	FALSE	35	The Study of Life in Buddhism 佛教的生活學	http://hbreader.org/wenji/renjianfojiaolun014.html	0	0.964552	0.562799	1	1	我很、很歡喜	1
hbreader.org	我很歡喜	3	FALSE	36	Examine Your Own Heart 檢查自己的心	http://hbreader.org/wenji/wangshi6016.html	0	0.986671	0.552814	1	0	我很、很歡喜	1
hbreader.org	我很歡喜	3	FALSE	37	The Study of Life in Buddhism 佛教的生活學	http://hbreader.org/wenji/renjianfojiaoxilie8013.html	0	0.985368	0.546481	1	1	我很、很歡喜	1
hbreader.org	我很歡喜	3	FALSE	38	A Dharani First (Giving) 總持第一(布施)	http://hbreader.org/wenji/fojiaocongshu03023.html	0	1.010977	0.534636	1	0	我、很歡喜	0
hbreader.org	我很歡喜	3	FALSE	39	Chapter 45: The Ten Great Disciples - Upali; First in Upholding the Precepts 第四十五章　十大比丘弟子 ～持戒第一優波離	http://hbreader.org/wenji/shijia060.html	0	0.978804	0.534517	1	0	我、很歡喜	0
hbreader.org	我很歡喜	3	FALSE	40	A Teacher's Kindness is Higher than a Mountain 師恩高於山	http://hbreader.org/wenji/bainian07001.html	0	0.880438	0.537574	1	0	我很、很歡喜	1
hbreader.org	我很歡喜	3	FALSE	41	Chapter 44: Special Teachings - Panthaka's Awakening 第四十四章 　特別的教化 ～周利槃陀伽的覺悟	http://hbreader.org/wenji/shijia047.html	0	0.981307	0.517255	1	0	我、很歡喜	0
hbreader.org	我很歡喜	3	FALSE	42	Sweep Ground in the Mind (Cultivation) 掃心地(修持)	http://hbreader.org/wenji/fojiaocongshu03174.html	0	0.969435	0.514596	1	0	我、很歡喜	0
hbreader.org	我很歡喜	3	FALSE	43	Aniruddha: Foremost in Heavenly Vision - 3 Declining a Young Girl's Proposal for Marriage 阿那律－－天眼第一 (3) 拒絕少女的求婚	http://hbreader.org/wenji/shidadizi088.html	0	0.975925	0.51251	1	0	我、很歡喜	0
hbreader.org	我很歡喜	3	FALSE	44	Mahakasyapa: Foremost in Austerities - 2 A Man and Wife with Difference Beds 大迦葉－－頭陀第一 (2) 不同床的夫妻	http://hbreader.org/wenji/shidadizi072.html	0	0.89858	0.511093	1	0	我、很歡喜	0
hbreader.org	我很歡喜	3	FALSE	45	Scroll 3: Acknowledging the World - Being Moved 卷三 認知世間 感動	http://hbreader.org/wenji/dharmawords9079.html	0	0.871264	0.512371	1	0	我很、歡喜	0
hbreader.org	我很歡喜	3	FALSE	46	Chapter 34: Disharmony in the Sangha 第卅四章　僧團中的爭執與安樂	http://hbreader.org/wenji/shijia037.html	0	1.019558	0.492174	1	0	我、很歡喜	0
hbreader.org	我很歡喜	3	FALSE	47	Chapter 27: Jetavana Monastery 第廿七章　祇園精舍的建立	http://hbreader.org/wenji/shijia030.html	0	1.051231	0.486247	1	0	我、很歡喜	0
hbreader.org	我很歡喜	3	FALSE	48	Lecture 10: Giving and Forming Connections 第十講‧布施結緣	http://hbreader.org/wenji/monastery_prop10.html	0	1.087745	0.473371	1	0	我、很歡喜	0
hbreader.org	我很歡喜	3	FALSE	49	My Grandmother 我的外婆	http://hbreader.org/wenji/bainian01006.html	0	0.856291	0.503626	1	0	我很、很歡喜	0
hbreader.org	我很歡喜	3	FALSE	50	Lecture 8: Family Gathering 第八講．親屬聚會	http://hbreader.org/wenji/monastery_gongxiu08.html	0	0.978437	0.4869	1	0	我很、很歡喜	0
hbreader.org	佛陀住在祇園精舍	4	FALSE	1	The Harm in Consuming Alchoholic Beverages (Precepts) 飲酒之害(持戒)	http://hbreader.org/wenji/fojiaocongshu03056.html	0	1	1	1	1	佛陀住、住在、在祇園精舍	1
hbreader.org	佛陀住在祇園精舍	4	FALSE	2	The Buddha Visits a Sick Person (Cultivation) 佛陀探病(修持)	http://hbreader.org/wenji/fojiaocongshu03180.html	0	1.064558	0.982657	1	1	佛陀住、住在、在祇園精舍	1
hbreader.org	佛陀住在祇園精舍	4	FALSE	3	Chapter 44: Special Teachings - Panthaka's Awakening 第四十四章 　特別的教化 ～周利槃陀伽的覺悟	http://hbreader.org/wenji/shijia047.html	0	1.191504	0.946333	1	1	佛陀住、住在、在祇園精舍	1
hbreader.org	佛陀住在祇園精舍	4	FALSE	4	Mahakasyapa: Foremost in Austerities - 10 Ananda Gives a Bowl 大迦葉－－頭陀第一 (10) 阿難贈缽	http://hbreader.org/wenji/shidadizi080.html	0	1.004053	0.969694	1	1	佛陀住、住在、在祇園精舍	1
hbreader.org	佛陀住在祇園精舍	4	FALSE	5	Mahakatyayana: Foremost in Debating the Dharma - 6 Teaching that All can Become a Buddha 迦旃延－－論議第一 (6) 宣說平等法	http://hbreader.org/wenji/shidadizi063.html	0	0.944621	0.906355	1	1	佛陀住、住在、在祇園精舍	1
hbreader.org	佛陀住在祇園精舍	4	FALSE	6	Teaching Children (Teaching) 教化兒童(教化)	http://hbreader.org/wenji/fojiaocongshu03135.html	0	1.052867	0.633932	1	0	佛陀住、住在、祇園精舍	1
hbreader.org	佛陀住在祇園精舍	4	FALSE	7	Lecture 1: An Overview of the Sutra on the Eight Realizations of the Great Beings 第一講　八大人覺經的概述	http://hbreader.org/wenji/eight_realizations03.html	0	0.762548	0.66746	1	1	佛陀住、住在、在祇園精舍	1
hbreader.org	佛陀住在祇園精舍	4	FALSE	8	Observing Four Kinds of Food (Cultivation) 觀四食(修持)	http://hbreader.org/wenji/fojiaocongshu03198.html	0	1.015975	0.611517	1	0	佛陀住、住在、祇園精舍	1
hbreader.org	佛陀住在祇園精舍	4	FALSE	9	Life's Great Bliss (Faith) 人生的大樂(信仰)	http://hbreader.org/wenji/fojiaocongshu03297.html	0	1.148665	0.569914	1	0	佛陀、住在、在祇園精舍	0
hbreader.org	佛陀住在祇園精舍	4	FALSE	10	A Princess' Enlightenment (Giving, Cause and Effect) 王女的覺悟(布施、因果)	http://hbreader.org/wenji/fojiaocongshu03039.html	0	0.999598	0.587045	1	0	佛陀住、住在、祇園精舍	1
hbreader.org	佛陀住在祇園精舍	4	FALSE	11	Mahamaudgalyayana - Foremost in Spiritual Power - 4 The Buddha in Meditation 目犍連－－神通第一 (4) 定中問佛陀	http://hbreader.org/wenji/shidadizi021.html	0	0.542628	0.662766	0.75	0	佛陀住、住在	0
hbreader.org	佛陀住在祇園精舍	4	FALSE	12	The Four Necessities are Most Feared (Impermanence) 四事最可怖(無常)	http://hbreader.org/wenji/fojiaocongshu03236.html	0	1.006271	0.581168	1	0	佛陀、住在、在祇園精舍	1
hbreader.org	佛陀住在祇園精舍	4	FALSE	13	Chapter 45: The Ten Great Disciples - Mahakasyapa: Foremost in Austerities 第四十五章　十大比丘弟子 ～頭陀第一大迦葉	http://hbreader.org/wenji/shijia058.html	0	1.130021	0.546105	1	0	佛陀、住在、在祇園精舍	1
hbreader.org	佛陀住在祇園精舍	4	FALSE	14	Chapter 36: The Acts of Kalodayin 第卅六章　迦留陀夷其人其事	http://hbreader.org/wenji/shijia039.html	0	1.175148	0.513179	1	1	佛陀住、住在、在祇園精舍	1
hbreader.org	佛陀住在祇園精舍	4	FALSE	15	Generosity and Vows lead to Good Reputation and Benefits (Giving, Repentance) 施戒得名利(布施、懺悔)	http://hbreader.org/wenji/fojiaocongshu03042.html	0	0.449573	0.62956	0.75	0	佛陀住、住在	0
hbreader.org	佛陀住在祇園精舍	4	FALSE	16	Four Families are Equal (Equality) 四姓平等(平等)	http://hbreader.org/wenji/fojiaocongshu03272.html	0	0.948786	0.542106	1	0	佛陀住、住在、祇園精舍	0
hbreader.org	佛陀住在祇園精舍	4	FALSE	17	Persecution by Other Religions (Cause and Effect) 外道迫害(因果)	http://hbreader.org/wenji/fojiaocongshu03154.html	0	1.147059	0.506711	0.75	0	佛陀、在祇園精舍	1
hbreader.org	佛陀住在祇園精舍	4	FALSE	18	Subduing Arrogance (Teaching) 降伏傲慢(教化)	http://hbreader.org/wenji/fojiaocongshu03144.html	0	1.260958	0.482217	1	0	佛陀、住、在祇園精舍	1
hbreader.org	佛陀住在祇園精舍	4	FALSE	19	Aniruddha: Foremost in Heavenly Vision - 7 The Joy of Tranquility in the Forest 阿那律－－天眼第一 (7) 林中寂靜的快樂	http://hbreader.org/wenji/shidadizi092.html	0	0.511648	0.599613	0.75	0	佛陀住、住在	0
hbreader.org	佛陀住在祇園精舍	4	FALSE	20	Upali: First in Upholding the Precepts - 9 Disrupting a Monastic in Meditation and a Monastic Gathering 優波離－－持戒第一 (9) 破僧與和僧	http://hbreader.org/wenji/shidadizi104.html	0	0.494085	0.602546	0.75	0	佛陀住、住在	0
hbreader.org	佛陀住在祇園精舍	4	FALSE	21	Giving More the Merit is Greater (Giving) 施多福大(布施)	http://hbreader.org/wenji/fojiaocongshu03024.html	0	0.434245	0.608572	0.75	0	佛陀住、住在	0
hbreader.org	佛陀住在祇園精舍	4	FALSE	22	Transforming Angulimalya (Teaching) 度化鴦崛摩羅(教化)	http://hbreader.org/wenji/fojiaocongshu03141.html	0	0.987249	0.510592	1	0	佛陀、住在、在祇園精舍	1
hbreader.org	佛陀住在祇園精舍	4	FALSE	23	Chapter 44: Special Teachings - Aṅgulimāla Confesses and Takes Refuge 第四十四章 　特別的教化 ～鴦崛摩羅懺悔皈依	http://hbreader.org/wenji/shijia051.html	0	0.986692	0.509936	1	0	佛陀、住在、在祇園精舍	1
hbreader.org	佛陀住在祇園精舍	4	FALSE	24	Chapter 40: The First Persecution 第四十章　最初的迫害	http://hbreader.org/wenji/shijia043.html	0	1.10557	0.484365	0.75	0	佛陀、在祇園精舍	0
hbreader.org	佛陀住在祇園精舍	4	FALSE	25	The Path of Smooth and Steady Cultivation (Cultivation)  安穩修行之道(修持)	http://hbreader.org/wenji/fojiaocongshu03204.html	0	0.508331	0.585891	0.75	0	佛陀住、住在	0
hbreader.org	佛陀住在祇園精舍	4	FALSE	26	Hate and Affection are Equal (Equality) 怨親平等(平等)	http://hbreader.org/wenji/fojiaocongshu03268.html	0	0.44633	0.595989	0.75	0	佛陀住、住在	0
hbreader.org	佛陀住在祇園精舍	4	FALSE	27	Rahula: Foremost in Esoteric Practices - 4 A Mischievous Childhood Life 羅睺羅－－密行第一 (4) 調皮的童年生活	http://hbreader.org/wenji/shidadizi121.html	0	0.485093	0.586795	0.75	0	佛陀住、住在	0
hbreader.org	佛陀住在祇園精舍	4	FALSE	28	Ananda: Foremost in Having Heard Much - 4 Ways of Teaching to Bhiksunis 阿難陀－－多聞第一 (4) 對比丘尼說法	http://hbreader.org/wenji/shidadizi109.html	0	0.771632	0.523543	0.75	0	住在、在祇園精舍	0
hbreader.org	佛陀住在祇園精舍	4	FALSE	29	A Brahmin Demands Repayment of a Debt (Cause and Effect) 婆羅門索債(因果)	http://hbreader.org/wenji/fojiaocongshu03155.html	0	0.440451	0.579385	0.75	0	佛陀住、住在	0
hbreader.org	佛陀住在祇園精舍	4	FALSE	30	Rahula: Foremost in Esoteric Practices - 6 Sramanera and Bhiksu Communal Living 羅睺羅－－密行第一 (6) 沙彌比丘可同宿	http://hbreader.org/wenji/shidadizi123.html	0	0.544343	0.554923	0.75	0	佛陀住、住在	0
hbreader.org	佛陀住在祇園精舍	4	FALSE	31	A Poor Woman and a Lantern (Giving) 貧女一燈(布施)	http://hbreader.org/wenji/fojiaocongshu03018.html	0	0.440857	0.57073	0.75	0	佛陀住、住在	0
hbreader.org	佛陀住在祇園精舍	4	FALSE	32	Chapter 1: Natural Life 卷一　大自然的生命 ■大自然的生命	http://hbreader.org/wenji/wanshi08009.html	0	0.507726	0.555674	0.75	0	佛陀住、住在	0
hbreader.org	佛陀住在祇園精舍	4	FALSE	33	A Dharani First (Giving) 總持第一(布施)	http://hbreader.org/wenji/fojiaocongshu03023.html	0	0.421941	0.568361	0.75	0	佛陀住、住在	0
hbreader.org	佛陀住在祇園精舍	4	FALSE	34	Truly Untouchable (Prajna) 真正的賤民(般若)	http://hbreader.org/wenji/fojiaocongshu03120.html	0	0.434716	0.563681	0.75	0	佛陀住、住在	0
hbreader.org	佛陀住在祇園精舍	4	FALSE	35	Supernatural Powers cannot Resist Karma (Karma) 神通難抵業力(業力)	http://hbreader.org/wenji/fojiaocongshu03215.html	0	0.415893	0.563102	0.75	0	佛陀住、住在	0
hbreader.org	佛陀住在祇園精舍	4	FALSE	36	Mahakatyayana: Foremost in Debating the Dharma - 5 Advice to Remember the Triple Gem 迦旃延－－論議第一 (5) 勸念三寶	http://hbreader.org/wenji/shidadizi062.html	0	0.430007	0.558128	0.75	0	佛陀住、住在	0
hbreader.org	佛陀住在祇園精舍	4	FALSE	37	Chapter 35: Vaisakha’s Great Generosity 第卅五章　毘舍佉大心布施	http://hbreader.org/wenji/shijia038.html	0	1.141775	0.426011	1	0	佛陀、住在、在祇園精舍	1
hbreader.org	佛陀住在祇園精舍	4	FALSE	38	Human Life is Fleeting (Impermanence) 人命短促(無常)	http://hbreader.org/wenji/fojiaocongshu03242.html	0	0.421779	0.544442	0.75	0	佛陀住、住在	0
hbreader.org	佛陀住在祇園精舍	4	FALSE	39	Section 1 India - Chapter 3: Establisment of Places of Practice 第一篇　印度篇 第三章　道場的設立	http://hbreader.org/wenji/fojiaocongshu05003.html	0	1.364431	0.38033	1	0	佛陀、住在、在祇園精舍	0
hbreader.org	佛陀住在祇園精舍	4	FALSE	40	Dharma Assembly starts: building causes and conditions - Part 1 [Translation of Canonical Source Text and Notes] 法會啟建因緣分第一 【譯文　原典　注釋】	http://hbreader.org/wenji/diamond03.html	0	0.475987	0.519974	0.75	0	佛陀住、住在	0
hbreader.org	佛陀住在祇園精舍	4	FALSE	41	Ananda: Foremost in Having Heard Much - 5 Gossip about Dividing Bread 阿難陀－－多聞第一 (5) 分餅的流言	http://hbreader.org/wenji/shidadizi110.html	0	0.415608	0.518824	0.75	0	佛陀住、住在	0
hbreader.org	佛陀住在祇園精舍	4	FALSE	42	Transforming Beggars (Teaching) 度化乞丐(教化)	http://hbreader.org/wenji/fojiaocongshu03140.html	0	0.977346	0.399132	0.75	0	佛陀、在祇園精舍	0
hbreader.org	佛陀住在祇園精舍	4	FALSE	43	A Drunkard is Ordained as a Monastic (Compassion) 為醉漢剃度(慈悲)	http://hbreader.org/wenji/fojiaocongshu03260.html	0	0.849858	0.416904	0.75	0	佛陀、在祇園精舍	0
hbreader.org	佛陀住在祇園精舍	4	FALSE	44	the Beginning of Cast Metal Statues (Faith) 鑄像之始(信仰)	http://hbreader.org/wenji/fojiaocongshu03293.html	0	0.978787	0.394164	0.75	0	佛陀、在祇園精舍	0
hbreader.org	佛陀住在祇園精舍	4	FALSE	45	Four Kinds of Refined Action (Cultivation) 四種雅行(修持)	http://hbreader.org/wenji/fojiaocongshu03168.html	0	0.82334	0.404987	0.75	0	佛陀、在祇園精舍	0
hbreader.org	佛陀住在祇園精舍	4	FALSE	46	Chapter 26: Bamboo Grove Monastery 第廿六章　在竹林精舍的教化	http://hbreader.org/wenji/shijia029.html	0	0.533575	0.454081	0.75	0	佛陀住、住在	0
hbreader.org	佛陀住在祇園精舍	4	FALSE	47	Subhuti: Foremost in Understand Emptiness - 5 Prajna-wisdom can bring People to Tears 須菩提－－解空第一 (5) 般若會上涕淚悲泣	http://hbreader.org/wenji/shidadizi050.html	0	0.828829	0.394308	0.75	0	佛陀、在祇園精舍	0
hbreader.org	佛陀住在祇園精舍	4	FALSE	48	Sariputra: Foremost in Wisdom - 7 Accepting the Path of Salvation 舍利弗－－智慧第一 (7) 接受得救之道	http://hbreader.org/wenji/shidadizi008.html	0	0.801721	0.390448	0.75	0	佛陀、在祇園精舍	0
hbreader.org	佛陀住在祇園精舍	4	FALSE	49	The Four Necessities are not Permanent (Impermanence) 四事不久常(無常)	http://hbreader.org/wenji/fojiaocongshu03239.html	0	0.808992	0.386523	0.75	0	佛陀、在祇園精舍	0
hbreader.org	佛陀住在祇園精舍	4	FALSE	50	Brahma asks about the Path (Prajna) 梵天問道(般若)	http://hbreader.org/wenji/fojiaocongshu03090.html	0	0.803745	0.384453	0.75	0	佛陀、在祇園精舍	0
hbreader.org	金碧峰	3	FALSE	1	Alms Bowl 鉢盂	http://hbreader.org/wenji/wusheng019.html	0	1	1	1	1	金碧、碧峰	1
hbreader.org	金碧峰	3	FALSE	2	A Broad and Open Life  豁達人生	http://hbreader.org/wenji/miyun_jiayouzhan10.html	0	0.97632	0.97632	1	1	金碧、碧峰	1
hbreader.org	金碧峰	3	FALSE	3	The Sphere of Nirvana 涅槃之後的境界	http://hbreader.org/wenji/renjianfojiaoxilie8004.html	0	0.839171	0.839171	1	1	金碧、碧峰	1
hbreader.org	金碧峰	3	FALSE	4	Lecture 8: Thre Robes, Alms Bowl, and Nisidana 第八講．三衣缽具	http://hbreader.org/wenji/monastery_precepts08.html	0	0.810014	0.770569	1	1	金碧、碧峰	1
hbreader.org	金碧峰	3	FALSE	5	Making the Buddha realm magnificint without dwelling in appearances - Part 10 [Lecture] 莊嚴佛土無有住相分第十 【講話】	http://hbreader.org/wenji/diamond20.html	0	0.640487	0.640487	1	1	金碧、碧峰	1
hbreader.org	金碧峰	3	FALSE	6	Scroll 1: The Most Important Four Aspects of the Dharma - Skillful Use of the Four Minds 卷一 四法最上 四心妙用	http://hbreader.org/wenji/dharmawords6007.html	0	0.634289	0.634289	1	1	金碧、碧峰	1
hbreader.org	金碧峰	3	FALSE	7	How to be a Buddha's Light Member - Lecture 7 怎樣做個佛光人 佛光人第七講	http://hbreader.org/wenji/renjianfojiaoxilie1008.html	0	0.425375	0.425375	1	1	金碧、碧峰	1
hbreader.org	金碧峰	3	FALSE	8	The Painting of Life 人生山水畫	http://hbreader.org/wenji/miyun_jiayouzhan34.html	0	0.499902	0.313974	0.6667	0	金碧	0
hbreader.org	金碧峰	3	FALSE	9	Writings on the Chan School and Pure Land - The Purpose of Studying Chan 禪門淨土篇 學禪的目的	http://hbreader.org/wenji/renjianfojiaoyulu003.html	0	0.40542	0.301258	1	1	金碧、碧峰	1
hbreader.org	金碧峰	3	FALSE	10	1. China - Venerable Binzong , known for Taiwanese Poetry 壹、中國 ■台灣詩僧斌宗法師	http://hbreader.org/wenji/fojiaocongshu04055.html	0	0.540847	0.245231	0.6667	0	碧峰	0
hbreader.org	金碧峰	3	FALSE	11	Volume 8: Buddhism and Study about the World - Class 11: Buddhism and Sightseeing 第八冊　佛教與世學 第十一課　佛教與觀光	http://hbreader.org/wenji/foguangjiaokeshu157.html	0	0.64614	0.220978	1	0	金碧、峰	0
hbreader.org	金碧峰	3	FALSE	12	Writings on the Chan School and Pure Land - The Wisdom and Character of Chan 禪門淨土篇 禪的智慧風光	http://hbreader.org/wenji/renjianfojiaoyulu007.html	0	0.440826	0.236847	1	1	金碧、碧峰	1
hbreader.org	思惟多如恆河沙	4	FALSE	1	A Broad and Open Life  豁達人生	http://hbreader.org/wenji/miyun_jiayouzhan10.html	0	1	1	1	1	思惟多、多如、如恆河沙	1
hbreader.org	思惟多如恆河沙	4	FALSE	2	Text - Admonishment againts being Idle 文 ■誡閑	http://hbreader.org/wenji/fojiaocongshu09047.html	0	0.661402	0.33844	0.5	0	如恆河沙	1
hbreader.org	思惟多如恆河沙	4	FALSE	3	Chapter 1: Natural Life 卷一　大自然的生命 ■大自然的生命	http://hbreader.org/wenji/wanshi08009.html	0	0.697819	0.320583	0.75	0	多、如恆河沙	0
hbreader.org	思惟多如恆河沙	4	FALSE	4	One body sees all - Part 18 [Lecture] 如來遍觀眾生心性分第十八 【講話】	http://hbreader.org/wenji/diamond36.html	0	0.895456	0.249085	1	0	思惟、多、如恆河沙	0
hbreader.org	思惟多如恆河沙	4	FALSE	5	“Lectures on the Diamond Sutra” Monograph First Edition Preface  《金剛經講話》 單行本出版緣起	http://hbreader.org/wenji/renjianfojiaoxuwen065.html	0	0.607304	0.278727	0.75	0	多、如恆河沙	0
hbreader.org	思惟多如恆河沙	4	FALSE	6	Buddha's Light Newsletter - The Direction of Buddha's Light International Association 佛光世紀 佛光會的方向	http://hbreader.org/wenji/renjianfojiaoshuxin034.html	0	0.528677	0.251577	0.75	0	多、如恆河沙	0
hbreader.org	思惟多如恆河沙	4	FALSE	7	Hsing Yun Diary 12 - Everywhere with no Families and Everywhere with Families: Reflection of Hsing Yun Diary 星雲日記12～處處無家處處家 「星雲日記」的回響	http://hbreader.org/wenji/riji92012.html	0	0	0.287956	0	0	多如	0
hbreader.org	箴者，所以攻疾防患	7	FALSE	1	Path of Cultivation, Scroll 2: Five Warnings for Raising Children 卷二 修行之道 五養箴	http://hbreader.org/wenji/dharmawords2049.html	0	1	1	1	1	箴者、所以攻、攻疾	1
hbreader.org	地球不屬於我們	4	FALSE	1	Scroll 3: The Essential Points of Understanding People - People of the Earth 卷三 識人之要 地球人	http://hbreader.org/wenji/dharmawords5099.html	0	1	1	1	0	地球不、我們	0
hbreader.org	地球不屬於我們	4	FALSE	2	Environmental and Spiritual Preservation 環保與心保	http://hbreader.org/wenji/dangdairen013.html	0	1.322406	0.871763	1.333333	1	地球不、不屬於、屬於我們	1
hbreader.org	地球不屬於我們	4	FALSE	3	Chapter 3: Unbounded Creativity - There are no Words to ask about the Heavens 卷三　創意無限 ■無語問蒼天	http://hbreader.org/wenji/wanshi08060.html	0	0.63135	0.976228	1	0	不屬於、我們	0
hbreader.org	地球不屬於我們	4	FALSE	4	Buddha's Light Newsletter - How to be a Buddha's Light Member 佛光世紀 怎樣做個佛光人	http://hbreader.org/wenji/renjianfojiaoshuxin037.html	0	1.267344	0.764594	1.333333	0	地球、不屬於、我們	0
hbreader.org	地球不屬於我們	4	FALSE	5	Society Issues Investigation (Volume 1) - A Buddhist View of 'Environmental Protection Problems' 社會議題探討（上冊） 佛教對「環保問題」的看法	http://hbreader.org/wenji/renjianfojiaodangdai001.html	0	1.163778	0.78669	1.333333	1	地球不、不屬於、屬於我們	1
hbreader.org	地球不屬於我們	4	FALSE	6	Scroll 1: Ideas for Overcoming Difficulties - The Importance of Reason 卷一 思想津梁 理的重要	http://hbreader.org/wenji/dharmawords4013.html	0	0.557446	0.864951	1	0	不、屬於我們	0
hbreader.org	地球不屬於我們	4	FALSE	7	Prefaces - “Hsing Yun's Chan Stories” Preface by Hsing Yun, Republic 序 ■《星雲禪話》序　　民國‧星雲	http://hbreader.org/wenji/fojiaocongshu09145.html	0	0.641162	0.803222	1	0	不、屬於我們	0
hbreader.org	地球不屬於我們	4	FALSE	8	“Hsing Yun's Chan Stories” Preface 自序《星雲禪話》	http://hbreader.org/wenji/renjianfojiaoxuwen023.html	0	0.640557	0.801933	1	0	不、屬於我們	0
hbreader.org	地球不屬於我們	4	FALSE	9	Grasping Space and Time 掌握時空	http://hbreader.org/wenji/miyun_shenghuo20.html	0	0.716822	0.775955	1	0	不屬於、我們	0
hbreader.org	地球不屬於我們	4	FALSE	10	Transforming Narendrayasas (Impermanence) 度化耶舍(無常)	http://hbreader.org/wenji/fojiaocongshu03240.html	0	0.503787	0.821443	1	0	不、屬於我們	0
hbreader.org	地球不屬於我們	4	FALSE	11	Buddha's Light Newsletter - The Habit of Cultivating Obedience 佛光世紀的來臨 養成聽話的習慣	http://hbreader.org/wenji/renjianfojiaoshuxin017.html	0	0.997566	0.917469	0.75	0	不屬於、屬於我們	0
hbreader.org	地球不屬於我們	4	FALSE	12	Time Management 時間管理	http://hbreader.org/wenji/miyun_jiayouzhan12.html	0	0.435236	0.781873	0.666667	0	不屬於	0
hbreader.org	地球不屬於我們	4	FALSE	13	Scroll 3: The Four Essentials of Life - The Four Don't for a Person of Noble Character 卷三 人生四要 君子四不	http://hbreader.org/wenji/dharmawords6083.html	0	0.431789	0.77356	0.666667	0	不屬於	0
hbreader.org	地球不屬於我們	4	FALSE	14	Scroll 1: Do not Bicker - Cannot be Described 卷一　不要計較 不可說	http://hbreader.org/wenji/wanshi05009.html	0	0.426288	0.764125	0.666667	0	不屬於	0
hbreader.org	地球不屬於我們	4	FALSE	15	Selected Letters - “Awakening the World” 1st Anniversary Letter to Readers 書信選 《覺世》一週年給讀者的一封信	http://hbreader.org/wenji/renjianfojiaoshuxin053.html	0	0.525402	0.719058	1	0	不屬於、我們	0
hbreader.org	地球不屬於我們	4	FALSE	16	1997 Letter for Spring Festival 1997年新春告白	http://hbreader.org/wenji/xinchungaobai019.html	0	0.663881	0.646302	1	0	地球不、我們	0
hbreader.org	地球不屬於我們	4	FALSE	17	The Significance of Participating in Buddhist Studies Summer Camp 參加佛學夏令營的意義	http://hbreader.org/wenji/renjianfojiaoxilie4011.html	0	0.432203	0.704334	1	0	不屬於、屬於我們	0
hbreader.org	地球不屬於我們	4	FALSE	18	Chapter 23: The First Layman and Laywoman 第廿三章　最初的居士和信女	http://hbreader.org/wenji/shijia026.html	0	0.417666	0.669377	1	0	不、屬於我們	0
hbreader.org	地球不屬於我們	4	FALSE	19	Selected Letters - “Awakening the World” 20th Anniversary Letter to Readers 書信選 《覺世》廿週年給讀者的一封信	http://hbreader.org/wenji/renjianfojiaoshuxin054.html	0	0.483175	0.635039	1	0	不屬於、我們	0
hbreader.org	地球不屬於我們	4	FALSE	20	Preface 自序	http://hbreader.org/wenji/foguangjiaokeshu001.html	0	0.464301	0.637012	1	0	不屬於、我們	0
hbreader.org	地球不屬於我們	4	FALSE	21	“Fo Guang Buddhist Textbooks” Preface 《佛光教科書》序	http://hbreader.org/wenji/renjianfojiaoxuwen076.html	0	0.464301	0.637012	1	0	不屬於、我們	0
hbreader.org	地球不屬於我們	4	FALSE	22	12. Questions and Answers - 2. Cultivation 拾貳、問題答問篇 二、修持	http://hbreader.org/wenji/fojiaocongshu07068.html	0	0.437484	0.613768	1	0	不、屬於我們	0
hbreader.org	地球不屬於我們	4	FALSE	23	Lecture 4: Contentment is the Source of Happiness 第四講　知足為守道的根本	http://hbreader.org/wenji/eight_realizations06.html	0	0.680774	0.509169	1	0	不屬於、我們	0
hbreader.org	地球不屬於我們	4	FALSE	24	Volume 8: Buddhism and Study about the World - Class 4: Buddhism and Law 第八冊　佛教與世學 第四課　佛教與法律	http://hbreader.org/wenji/foguangjiaokeshu150.html	0	0.418077	0.511943	0.666667	0	不屬於	0
hbreader.org	地球不屬於我們	4	FALSE	25	Ten Non-Thoughts of the Young Buddhist Monastic Community (1) 青年僧伽的十無思想	http://hbreader.org/wenji/renjianfojiaoxilie4006.html	0	0.543628	0.446719	1.333333	0	地球、不屬於、我們	0
hbreader.org	地球不屬於我們	4	FALSE	26	Hsing Yun Diary 16 - The Skillful Use of Chan 星雲日記16～禪的妙用 禪的妙用(1992/3/16~3/31)	http://hbreader.org/wenji/riji92033.html	0	0.626259	0.40595	1.333333	0	地球、不、屬於我們	0
hbreader.org	地球不屬於我們	4	FALSE	27	What should come First, What should come Last? 孰先孰後	http://hbreader.org/wenji/renjianfojiaoxilie6009.html	0	0.469887	0.429701	1	0	不、屬於我們	0
hbreader.org	地球不屬於我們	4	FALSE	28	Chapter 39: I would like to Create “A Life Worth Three Hundred Years” 【三十九說】我要創造「人生三百歲」	http://hbreader.org/wenji/pinseng040.html	0	0.450897	0.429258	1	0	不、屬於我們	0
hbreader.org	地球不屬於我們	4	FALSE	29	From the Real World to the Ideal World 從現實的世界到理想的世界	http://hbreader.org/wenji/renjianfojiaoxilie8009.html	0	0.456603	0.415136	1	0	不、屬於我們	0
hbreader.org	地球不屬於我們	4	FALSE	30	Hsing Yun Diary 19 - A Heart-to-Heart Talk: May All Wishes Come True 星雲日記19～談心接心 心想事成(1992/9/16～1992/9/30)	http://hbreader.org/wenji/riji92051.html	0	0.688598	0.340113	1.333333	0	地球不、屬於、我們	0
hbreader.org	地球不屬於我們	4	FALSE	31	Volume 5: Introduction to Schools - Class 9: Tiantai School 第五冊　宗派概論 第九課　天台宗	http://hbreader.org/wenji/foguangjiaokeshu092.html	0	0.442611	0.371717	1	0	不屬於、我們	0
hbreader.org	地球不屬於我們	4	FALSE	32	How to Build Humanistic Buddhism - 1 (Speech at Fo Guang Shan) 如何建設人間佛教 第一篇　如何建設人間佛教(講於佛光山)	http://hbreader.org/wenji/fojiaocongshu10053.html	0	0.429029	0.366162	1	0	不、屬於我們	0
hbreader.org	地球不屬於我們	4	FALSE	33	Section 2 China - Chapter 6: Buddhist Monastic System of Administration 第二篇　中國篇 第六章　佛教的僧官制度	http://hbreader.org/wenji/fojiaocongshu05015.html	0	0.436951	0.342116	0.666667	0	不屬於	0
hbreader.org	地球不屬於我們	4	FALSE	34	Lecture 1: The Meaning of a Monastery 第一講．常住意義	http://hbreader.org/wenji/monastery_places01.html	0	0.52448	0.313795	1	0	不屬於、我們	0
hbreader.org	我們是大地的一部分	5	FALSE	1	Chapter 4: Keeping in Step with the World - Magic 卷四　與世界接軌 ■魔術	http://hbreader.org/wenji/wanshi08082.html	0	1	1	0.6	0	是大地、大地的	0
hbreader.org	我們是大地的一部分	5	FALSE	2	Life on Mother Earth 大地的生命	http://hbreader.org/wenji/miyun_gaochu56.html	0	1.410586	0.805128	0.8	0	我們是、大地的	0
hbreader.org	我們是大地的一部分	5	FALSE	3	Society and the Workforce: A Prayer for Maritime Workers 社會‧職業 為海域工作者祈願文	http://hbreader.org/wenji/prayers63.html	0	0.87624	0.783264	0.8	0	我們、是大地、大地的	0
hbreader.org	我們是大地的一部分	5	FALSE	4	Our Original Face 本來面目	http://hbreader.org/wenji/miyun_fubao77.html	0	0.831062	0.775882	0.8	0	我們、是大地、大地的	0
hbreader.org	我們是大地的一部分	5	FALSE	5	Buddhism and World Views 佛教的宇宙觀	http://hbreader.org/wenji/fojiaocongshu08055.html	0	1.090167	0.587364	0.8	0	我們、是大地、大地的	0
hbreader.org	我們是大地的一部分	5	FALSE	6	Oneness and Coexistence 同體與共生	http://hbreader.org/wenji/dangdairen002.html	0	2.09141	0.478484	1	0	我們、是、大地的、的一部分	0
hbreader.org	我們是大地的一部分	5	FALSE	7	Embracing Nature: Ecology from a Buddhist Perspective (2) 佛教與自然生態（下）	http://hbreader.org/wenji/ecology2.html	0	1.774068	0.495505	1	0	我們是、是大地、大地的、的一部分	0
hbreader.org	我們是大地的一部分	5	FALSE	8	Scroll 3: The Essentials of Work - Excercises and Undertakings 卷三 工作之要 運動與事業	http://hbreader.org/wenji/dharmawords8089.html	0	1.225281	0.479366	0.8	0	我們、是、大地的	0
hbreader.org	我們是大地的一部分	5	FALSE	9	Chapter 2: Challenging Limits - Virtues of the Earth 卷二　挑戰極限 ■地的功用	http://hbreader.org/wenji/wanshi08025.html	0	1.387935	0.464916	0.8	0	我們、是、大地的	0
hbreader.org	我們是大地的一部分	5	FALSE	10	Chapter 3: An Admonition for Conducting Oneself with Integrity - Parents 卷三　處事箴言 ■父母	http://hbreader.org/wenji/wanshi11069.html	0	1.362636	0.458709	0.8	0	我們、是、大地的	0
hbreader.org	我們是大地的一部分	5	FALSE	11	Even the Inanimate Teaches the Dharma 無情說法	http://hbreader.org/wenji/miyun_duyiqie72.html	0	1.19998	0.444523	0.8	0	我們、是大地、的	0
hbreader.org	我們是大地的一部分	5	FALSE	12	Society Issues Investigation (Volume 1) - A Buddhist View of 'War and Peace' 社會議題探討（上冊） 佛教對「戰爭與和平」的看法	http://hbreader.org/wenji/renjianfojiaodangdai008.html	0	1.297003	0.435967	1	1	我們是、是大地、大地的、的一部分	1
hbreader.org	我們是大地的一部分	5	FALSE	13	Scroll 3: Do Good Deeds - Resolve 卷三　做好事 發心	http://hbreader.org/wenji/wanshi05061.html	0	1.317399	0.420165	0.8	0	我們、是、大地的	0
hbreader.org	我們是大地的一部分	5	FALSE	14	Resolving Disputes (Repentance) 化解紛爭(懺悔)	http://hbreader.org/wenji/fojiaocongshu03220.html	0	0.890762	0.44955	1	0	是大地、的	0
hbreader.org	我們是大地的一部分	5	FALSE	15	Chapter 1: Life's Stations - The Virtuous Use of Strength 卷一　人生的站 ■力的功用	http://hbreader.org/wenji/wanshi10004.html	0	0.991437	0.42649	0.8	0	我們、是大地、的	0
hbreader.org	我們是大地的一部分	5	FALSE	16	Buddhism and Fate 佛教與命運	http://hbreader.org/wenji/fojiaocongshu08022.html	0	0.672918	0.435438	0.8	0	我們是、大地的	0
hbreader.org	我們是大地的一部分	5	FALSE	17	Magnanimity 容人的雅量	http://hbreader.org/wenji/miyun_zhenli63.html	0	2.093427	0.311065	1	0	我們、是、大地、的一部分	0
hbreader.org	我們是大地的一部分	5	FALSE	18	Scroll 3: How to Make Daily Improvements - What is a Dharma Service? 卷三 如何日日增上 何謂法會？	http://hbreader.org/wenji/dharmawords3089.html	0	1.495384	0.318922	0.8	0	我們、是、的一部分	0
hbreader.org	我們是大地的一部分	5	FALSE	19	Society and the Workforce: A Prayer for the Natural Ecosystem 社會‧職業 為自然生態祈願文	http://hbreader.org/wenji/prayers73.html	0	1.254389	0.333688	0.8	0	我們、是、大地的	0
hbreader.org	我們是大地的一部分	5	FALSE	20	Canonical Evidence for Humanistic Buddhism (Recorded in at Total of 28 Kinds of Canonical Text) - Wise Companions and Bad Friends 人間佛教的經證(共收錄二十八種經典) ■益友和損友	http://hbreader.org/wenji/fojiaocongshu10028.html	0	1.269098	0.331361	0.8	0	我們、是、大地的	0
hbreader.org	我們是大地的一部分	5	FALSE	21	Scroll 2: Truth in Life - Life Meaning 卷二 生命的真諦 生活真義	http://hbreader.org/wenji/dharmawords7045.html	0	1.445505	0.316369	0.8	0	我們、是、的一部分	0
hbreader.org	我們是大地的一部分	5	FALSE	22	Self-Confidence 自　信	http://hbreader.org/wenji/miyun_guanli86.html	0	1.440456	0.315272	0.8	0	我們、是、的一部分	0
hbreader.org	我們是大地的一部分	5	FALSE	23	Scroll 3: Acknowledging the World - Places and People 卷三 認知世間 處眾	http://hbreader.org/wenji/dharmawords9106.html	0	1.432762	0.313641	0.8	0	我們、是、的一部分	0
hbreader.org	我們是大地的一部分	5	FALSE	24	Chapter 2: Stages of Life - Where is Life 卷二　生命的層次 ■生命在那裡？	http://hbreader.org/wenji/wanshi11025.html	0	1.315562	0.322044	0.8	0	我們、是、大地的	0
hbreader.org	我們是大地的一部分	5	FALSE	25	Scroll 2: The Best Way to Provide for One's Elders - Diligence in Management of Finance and Personal Property 卷二 最好的供養 修業	http://hbreader.org/wenji/dharmawords5046.html	0	1.401093	0.315381	0.8	0	我們、是、的一部分	0
hbreader.org	我們是大地的一部分	5	FALSE	26	Preface: Pay Respect to former Sages 【序言】禮敬先賢	http://hbreader.org/wenji/shidadizi001.html	0	0.927325	0.340501	0.8	0	我們、是、大地的	0
hbreader.org	我們是大地的一部分	5	FALSE	27	“The Biography of the Ten Great Disciples of the Buddha” Preface and Praise to the Sages 《十大弟子傳》序 禮敬先賢	http://hbreader.org/wenji/renjianfojiaoxuwen004.html	0	0.926531	0.340135	0.8	0	我們、是、大地的	0
hbreader.org	我們是大地的一部分	5	FALSE	28	Scroll 2: Treasures Passed through the Generations - Love 卷二 傳家之寶 愛	http://hbreader.org/wenji/dharmawords10046.html	0	1.261073	0.313424	1	0	是、的一部分	0
hbreader.org	我們是大地的一部分	5	FALSE	29	To Resolve and to Develop 發心與發展	http://hbreader.org/wenji/dangdairen009.html	0	1.22511	0.315678	1	0	我們、是大地、的一部分	0
hbreader.org	我們是大地的一部分	5	FALSE	30	Chapter 1: Natural Life 卷一　大自然的生命 ■大自然的生命	http://hbreader.org/wenji/wanshi08009.html	0	1.125896	0.321499	0.8	0	我們、是、大地的	0
hbreader.org	我們是大地的一部分	5	FALSE	31	Chapter 16: The Troops Gave Chase 第十六章　王師追至苦行林	http://hbreader.org/wenji/shijia019.html	0	1.37109	0.407803	0.4	0	我們是、大地的	0
hbreader.org	我們是大地的一部分	5	FALSE	32	Loving Words 愛　語	http://hbreader.org/wenji/miyun_gaochu87.html	0	0.882243	0.337599	0.8	0	我們、是、大地的	0
hbreader.org	我們是大地的一部分	5	FALSE	33	Chapter 3: Honesty is Important - Fundamentals 卷三　誠實的重要 根本	http://hbreader.org/wenji/wanshi07051.html	0	1.138706	0.316363	0.8	0	我們、是、大地的	0
hbreader.org	我們是大地的一部分	5	FALSE	34	“Chinese eminent monk Complete Words” General Preface: Fo Guang and the Light of Wisdom 《中國佛教高僧全集》總序 : 佛光與慧燈	http://hbreader.org/wenji/renjianfojiaoxuwen057.html	0	0.724394	0.347725	1	0	是、大地的	0
hbreader.org	我們是大地的一部分	5	FALSE	35	Seeing Problems Clearly 看清問題	http://hbreader.org/wenji/miyun_shenghuo16.html	0	1.223107	0.303688	1	0	是、的一部分	0
hbreader.org	我們是大地的一部分	5	FALSE	36	Chapter 3: Unbounded Creativity - Energy Sources 卷三　創意無限 ■能源	http://hbreader.org/wenji/wanshi08049.html	0	1.061349	0.315943	0.8	0	我們、是、大地的	0
hbreader.org	我們是大地的一部分	5	FALSE	37	Scroll 2: Why We should Live - Turning Points 卷二　為何而活 契機	http://hbreader.org/wenji/wanshi03043.html	0	0.956734	0.320848	1	0	是、大地的	0
hbreader.org	我們是大地的一部分	5	FALSE	38	Scroll 2: Treasures Passed through the Generations - What is Love? 卷二 傳家之寶 什麼是愛	http://hbreader.org/wenji/dharmawords10042.html	0	0.903044	0.323689	0.8	0	我們、是、大地的	0
hbreader.org	我們是大地的一部分	5	FALSE	39	Buddhism and Taoism 佛教與道教	http://hbreader.org/wenji/fojiaocongshu08012.html	0	1.148923	0.392857	0.8	0	是大地、大地的	0
hbreader.org	我們是大地的一部分	5	FALSE	40	Hands 手	http://hbreader.org/wenji/miyun_guanli66.html	0	0.824475	0.329181	0.8	0	我們、是、大地的	0
hbreader.org	我們是大地的一部分	5	FALSE	41	Chapter 3: Honesty is Important - Adopting a Girl as a Future Daughter-in-Law 卷三　誠實的重要 童養媳	http://hbreader.org/wenji/wanshi07054.html	0	1.328684	0.289289	0.8	0	我們、是、的一部分	0
hbreader.org	我們是大地的一部分	5	FALSE	42	Capabilities 性　能	http://hbreader.org/wenji/miyun_chenggong79.html	0	0.812642	0.325685	0.8	0	我們、是、大地的	0
hbreader.org	我們是大地的一部分	5	FALSE	43	Buddhism and Sculpture 佛教與雕塑	http://hbreader.org/wenji/fojiaocongshu08036.html	0	1.530917	0.268749	1	0	我們、是、大地、的一部分	0
hbreader.org	我們是大地的一部分	5	FALSE	44	Fragrant Orchid In a Deep Valley 幽谷蘭香	http://hbreader.org/wenji/miyun_wuchang04.html	0	0.80729	0.323029	0.8	0	我們、是、大地的	0
hbreader.org	我們是大地的一部分	5	FALSE	45	Chapter 1: Natural Life - Inspiration from Water 卷一　大自然的生命 ■水的啟示	http://hbreader.org/wenji/wanshi08016.html	0	0.858735	0.317526	1	0	是、大地的	0
hbreader.org	我們是大地的一部分	5	FALSE	46	Recommendation Preface 2 - At Ease and Happy  by Daisy L. Hung 推薦序2‧安心與開心／洪蘭	http://hbreader.org/wenji/dharmawords1003.html	0	1.302131	0.28281	0.8	0	我們、是、的一部分	0
hbreader.org	我們是大地的一部分	5	FALSE	47	Scroll 4: Where the Opportunities are - A Magnanimous Life 卷四　機會在那裡 豁達的人生	http://hbreader.org/wenji/wanshi03085.html	0	0.801516	0.320307	0.8	0	我們、是、大地的	0
hbreader.org	我們是大地的一部分	5	FALSE	48	Transforming Angulimalya (Teaching) 度化鴦崛摩羅(教化)	http://hbreader.org/wenji/fojiaocongshu03141.html	0	0.838354	0.305386	1	0	是、大地的	0
hbreader.org	我們是大地的一部分	5	FALSE	49	Chapter 44: Special Teachings - Aṅgulimāla Confesses and Takes Refuge 第四十四章 　特別的教化 ～鴦崛摩羅懺悔皈依	http://hbreader.org/wenji/shijia051.html	0	0.837966	0.304994	1	0	是、大地的	0
hbreader.org	我們是大地的一部分	5	FALSE	50	Chapter 3: Planning in Advance - Wind 卷三　胸有成竹 ■風	http://hbreader.org/wenji/wanshi09045.html	0	0.769432	0.306371	0.8	0	我們、是、大地的	0
hbreader.org	一位印第安	3	FALSE	1	Environmental and Spiritual Preservation 環保與心保	http://hbreader.org/wenji/dangdairen013.html	0	1	1	1	1	一位、位印第安	1
hbreader.org	一位印第安	3	FALSE	2	Society Issues Investigation (Volume 1) - A Buddhist View of 'Environmental Protection Problems' 社會議題探討（上冊） 佛教對「環保問題」的看法	http://hbreader.org/wenji/renjianfojiaodangdai001.html	0	0.808386	0.679993	1	1	一位、位印第安	1
hbreader.org	一位印第安	3	FALSE	3	Prefaces - A World of Buddha’s Light “Transmission of the Lamp” Preface by Hsing Yun, Republic 序 ■佛光世界《傳燈》序　　民國‧高希均	http://hbreader.org/wenji/fojiaocongshu09156.html	0	0.494819	0.556219	0.6667	0	一位	0
hbreader.org	一位印第安	3	FALSE	4	Scroll 3: Planning to Break Out - Following 卷三　設法突圍 追隨	http://hbreader.org/wenji/wanshi03054.html	0	0.486657	0.548164	0.6667	0	一位	0
hbreader.org	一位印第安	3	FALSE	5	Scroll 4: Speak Good Words 卷四　說好話 說好話	http://hbreader.org/wenji/wanshi05081.html	0	0.51374	0.521222	0.6667	0	一位	0
hbreader.org	一位印第安	3	FALSE	6	Chapter 7: Prophecy of the Seer 第七章　相者的預言	http://hbreader.org/wenji/shijia010.html	0	0.489147	0.514631	0.6667	0	一位	0
hbreader.org	一位印第安	3	FALSE	7	Scroll 3: The Four Aspects of the Dharma are Everywhere - The Four Essentials of Leadership 卷四 處眾四法 領導的四要	http://hbreader.org/wenji/dharmawords6097.html	0	0.462523	0.521723	0.6667	0	一位	0
hbreader.org	一位印第安	3	FALSE	8	Value 價　值	http://hbreader.org/wenji/miyun_fubao27.html	0	0.465201	0.520722	0.6667	0	一位	0
hbreader.org	一位印第安	3	FALSE	9	My Affinities with International Scholars 我與國際學者的因緣	http://hbreader.org/wenji/bainian05004.html	0	0.490225	0.513294	0.6667	0	一位	0
hbreader.org	一位印第安	3	FALSE	10	One Sentence 一句話	http://hbreader.org/wenji/miyun_fubao30.html	0	0.463422	0.520223	0.6667	0	一位	0
hbreader.org	一位印第安	3	FALSE	11	Lecture 14: To be Closer to Elder Masters 第十四講．親近長老	http://hbreader.org/wenji/monastery_precepts14.html	0	0.477092	0.512574	0.6667	0	一位	0
hbreader.org	一位印第安	3	FALSE	12	My Old and Young Good Affinities 我的老幼善緣	http://hbreader.org/wenji/bainian01011.html	0	0.489585	0.506124	0.6667	0	一位	0
hbreader.org	一位印第安	3	FALSE	13	Mahakatyayana: Foremost in Debating the Dharma - 9 An Explanation Criticizing Cause 迦旃延－－論議第一 (9) 解答諍的原因	http://hbreader.org/wenji/shidadizi066.html	0	0.465846	0.509355	0.6667	0	一位	0
hbreader.org	一位印第安	3	FALSE	14	The Three Kāsyapa Brothers Abandon Evil and Return to the Right Path (Teaching) 三迦葉棄邪歸正(教化)	http://hbreader.org/wenji/fojiaocongshu03123.html	0	0.456306	0.51122	0.6667	0	一位	0
hbreader.org	一位印第安	3	FALSE	15	Handling a Crisis 危機處理	http://hbreader.org/wenji/miyun_cengci79.html	0	0.467235	0.506976	0.6667	0	一位	0
hbreader.org	一位印第安	3	FALSE	16	Scroll 1: The Essentials of Handling Affairs - Benevolence for Managers 卷一 處事之要 善為領導人	http://hbreader.org/wenji/dharmawords8017.html	0	0.453085	0.509023	0.6667	0	一位	0
hbreader.org	一位印第安	3	FALSE	17	Scroll 1: Ideas for Overcoming Difficulties - Attitude Towards Matters 卷一 思想津梁 事上的態度	http://hbreader.org/wenji/dharmawords4012.html	0	0.451577	0.508163	0.6667	0	一位	0
hbreader.org	一位印第安	3	FALSE	18	Make Offerings for Seven Days (Cause and Effect) 七天供養(因果)	http://hbreader.org/wenji/fojiaocongshu03152.html	0	0.44563	0.501049	0.6667	0	一位	0
hbreader.org	一位印第安	3	FALSE	19	A Bad Horse has Eight Manners (Cultivation) 惡馬八態(修持)	http://hbreader.org/wenji/fojiaocongshu03197.html	0	0.457869	0.489095	0.6667	0	一位	0
hbreader.org	一位印第安	3	FALSE	20	Upasika amongst Modern Women 新女性中的優婆夷	http://hbreader.org/wenji/bainian08004.html	0	0.461323	0.487306	0.6667	0	一位	0
hbreader.org	一位印第安	3	FALSE	21	Chapter 5: King Suddhodana and Queen Maya 第五章　淨飯大王與摩耶夫人	http://hbreader.org/wenji/shijia008.html	0	0.455205	0.488965	0.6667	0	一位	0
hbreader.org	一位印第安	3	FALSE	22	“Master Jinming Memorial Collection” Preface: Remembering a Warm, Joyful, and True Monastic 《金明長老紀念文集》序：懷念融和歡喜的真僧伽	http://hbreader.org/wenji/renjianfojiaoxuwen157.html	0	0.440065	0.493347	0.6667	0	一位	0
hbreader.org	一位印第安	3	FALSE	23	2. India - Asvaghosa: Writer, Artist, and Poet 貳、印度 ■文藝詩人馬鳴菩薩	http://hbreader.org/wenji/fojiaocongshu04066.html	0	0.437034	0.48972	0.6667	0	一位	0
hbreader.org	一位印第安	3	FALSE	24	Chapter 20: Defeating Mara’s Army 第二十章　降伏魔軍與魔女	http://hbreader.org/wenji/shijia023.html	0	0.470764	0.479107	0.6667	0	一位	0
hbreader.org	一位印第安	3	FALSE	25	Incense Burns to make Charcoal (Prajna) 燒香作炭(般若)	http://hbreader.org/wenji/fojiaocongshu03095.html	0	0.437215	0.488851	0.6667	0	一位	0
hbreader.org	一位印第安	3	FALSE	26	Devotees and Spiritual Friends from the Initial Period after the Liberation of Taiwan from Japanese Rule 光復初期的信眾道友	http://hbreader.org/wenji/bainian07008.html	0	0.475492	0.476322	0.6667	0	一位	0
hbreader.org	一位印第安	3	FALSE	27	Scroll 2: Treasures Passed through the Generations - The Beauty of Women (1) 卷二 傳家之寶 女性之美（一）	http://hbreader.org/wenji/dharmawords10060.html	0	0.450736	0.481781	0.6667	0	一位	0
hbreader.org	一位印第安	3	FALSE	28	Lecture 3: Protecting the Country and Guarding Buddhism 第三講‧護國衛教	http://hbreader.org/wenji/monastery_prop03.html	0	0.452694	0.480317	0.6667	0	一位	0
hbreader.org	一位印第安	3	FALSE	29	My Appraisal of Contemporary Characters 我對當代人物的評議	http://hbreader.org/wenji/bainian04010.html	0	0.457812	0.478509	0.6667	0	一位	0
hbreader.org	一位印第安	3	FALSE	30	Self- Deprecation 自我調侃	http://hbreader.org/wenji/miyun_chenggong14.html	0	0.431884	0.48329	0.6667	0	一位	0
hbreader.org	一位印第安	3	FALSE	31	Scroll 4: Ideals and Reality - The Philosophy of Being Second 卷四 理想的現實 老二哲學	http://hbreader.org/wenji/dharmawords8108.html	0	0.429558	0.480596	0.6667	0	一位	0
hbreader.org	一位印第安	3	FALSE	32	Succeeding in Battle with Oneself (Diligence) 戰勝自己(精進)	http://hbreader.org/wenji/fojiaocongshu03078.html	0	0.430243	0.479809	0.6667	0	一位	0
hbreader.org	一位印第安	3	FALSE	33	Afterword 校後感言	http://hbreader.org/wenji/universal_gate21.html	0	0.442148	0.475811	0.6667	0	一位	0
hbreader.org	一位印第安	3	FALSE	34	Later Explanation 譯後的話	http://hbreader.org/wenji/universal_gate22.html	0	0.442148	0.475811	0.6667	0	一位	0
hbreader.org	一位印第安	3	FALSE	35	2. A Secretary with Ten Imperfections 二．十不全的書記師	http://hbreader.org/wenji/yulin002.html	0	0.486496	0.462552	0.6667	0	一位	0
hbreader.org	一位印第安	3	FALSE	36	2. India - Nagarjuna Bodhisattva, who was Respected by all the Eight Sects 貳、印度 ■八宗共祖龍樹菩薩	http://hbreader.org/wenji/fojiaocongshu04067.html	0	0.440705	0.475055	0.6667	0	一位	0
hbreader.org	一位印第安	3	FALSE	37	3. Only One Condition 三．只有一個條件	http://hbreader.org/wenji/yulin003.html	0	0.437223	0.474951	0.6667	0	一位	0
hbreader.org	一位印第安	3	FALSE	38	Scroll 3: How to Make Daily Improvements - The Spirit of a Bodhisattva 卷三 如何日日增上 菩薩的精神	http://hbreader.org/wenji/dharmawords3086.html	0	0.423287	0.477465	0.6667	0	一位	0
hbreader.org	一位印第安	3	FALSE	39	My Translation Staff 我的翻譯人員	http://hbreader.org/wenji/bainian02002.html	0	0.468495	0.463991	0.6667	0	一位	0
hbreader.org	一位印第安	3	FALSE	40	My Contact with South Korea Buddhism 我與韓國佛教的往來	http://hbreader.org/wenji/bainian09008.html	0	0.454431	0.46655	0.6667	0	一位	0
hbreader.org	一位印第安	3	FALSE	41	Friendship with Spiritual Friends Abroad 國際道友的情誼	http://hbreader.org/wenji/bainian07009.html	0	0.459892	0.463389	0.6667	0	一位	0
hbreader.org	一位印第安	3	FALSE	42	I am the Host 我是主人	http://hbreader.org/wenji/miyun_chenggong02.html	0	0.423258	0.473302	0.6667	0	一位	0
hbreader.org	一位印第安	3	FALSE	43	Covering the Ground with Gold to Build Jeta Grove (Giving) 黃金舖地建祇園(布施)	http://hbreader.org/wenji/fojiaocongshu03005.html	0	0.423812	0.472589	0.6667	0	一位	0
hbreader.org	一位印第安	3	FALSE	44	Scroll 3: The Four Essentials of Life - Four Treasures in Life 卷三 人生四要 人生四寶	http://hbreader.org/wenji/dharmawords6070.html	0	0.421989	0.472768	0.6667	0	一位	0
hbreader.org	一位印第安	3	FALSE	45	The Thai King Visits China 泰王訪華	http://hbreader.org/wenji/jueshi036.html	0	0.421658	0.472387	0.6667	0	一位	0
hbreader.org	一位印第安	3	FALSE	46	Chapter 45: The Ten Great Disciples - Mahakatyayana: Foremost in Debating the Dharma 第四十五章　十大比丘弟子 ～論議第一迦旃延	http://hbreader.org/wenji/shijia057.html	0	0.421615	0.472076	0.6667	0	一位	0
hbreader.org	一位印第安	3	FALSE	47	A New Year and New Hope 新年新希望	http://hbreader.org/wenji/jueshi024.html	0	0.42268	0.470945	0.6667	0	一位	0
hbreader.org	一位印第安	3	FALSE	48	My Affinity with a Crownless King 我與無冕之王的因緣	http://hbreader.org/wenji/bainian06007.html	0	0.449357	0.462128	0.6667	0	一位	0
hbreader.org	一位印第安	3	FALSE	49	Monastic Emotions are Unlike Strong Secular Emotions - My Ways at Looking at Emotion 僧情不比俗情濃──我對感情的看法	http://hbreader.org/wenji/bainian02004.html	0	0.450713	0.460292	0.6667	0	一位	0
hbreader.org	一位印第安	3	FALSE	50	18. The Emperor Invited me to Go 十八．皇帝請我去的	http://hbreader.org/wenji/yulin018.html	0	0.44108	0.462498	0.6667	0	一位	0
hbreader.org	人生七十古來稀	4	FALSE	1	Limitless Life 人生無量壽	http://hbreader.org/wenji/miyun_shengming07.html	0	1	1	1	1	人生七十、七十古來、古來稀	1
hbreader.org	人生七十古來稀	4	FALSE	2	Chapter 4: Chan Mind - What to Listen to? 卷四　禪心 ■聽什麼？	http://hbreader.org/wenji/wanshi10087.html	0	1.037541	0.957875	1	1	人生七十、七十古來、古來稀	1
hbreader.org	人生七十古來稀	4	FALSE	3	Understanding Time 認識時間	http://hbreader.org/wenji/miyun_zhenli03.html	0	0.856922	0.929576	1	1	人生七十、七十古來、古來稀	1
hbreader.org	人生七十古來稀	4	FALSE	4	The Buddha in Our Lives, Scroll 1: From a Day to a Lifetime 卷一 生活的佛教 一日到一生	http://hbreader.org/wenji/dharmawords2037.html	0	0.765016	0.814424	1	1	人生七十、七十古來、古來稀	1
hbreader.org	人生七十古來稀	4	FALSE	5	Chapter 1: A Plan for Life - Life's Seven Classes 卷一　人生之計 ■人生七堂課	http://hbreader.org/wenji/wanshi11004.html	0	0.748223	0.77778	1	1	人生七十、七十古來、古來稀	1
hbreader.org	人生七十古來稀	4	FALSE	6	Birthday 生日	http://hbreader.org/wenji/hezhang1006.html	0	0.70339	0.599907	1	1	人生七十、七十古來、古來稀	1
hbreader.org	人生七十古來稀	4	FALSE	7	Volume 12: A Selection of Buddhist Works  - Class 24: Selected Works 第十二冊　佛教作品選錄 第二十四課　文選	http://hbreader.org/wenji/foguangjiaokeshu252.html	0	0.546772	0.582159	1	1	人生七十、七十古來、古來稀	1
hbreader.org	人生七十古來稀	4	FALSE	8	Chapter 39: I would like to Create “A Life Worth Three Hundred Years” 【三十九說】我要創造「人生三百歲」	http://hbreader.org/wenji/pinseng040.html	0	0.605552	0.542429	1	1	人生七十、七十古來、古來稀	1
hbreader.org	人生七十古來稀	4	FALSE	9	Chapter 40: A Sincere Confession -  My Final Exhortation【四十說】真誠的告白－－我最後的囑咐	http://hbreader.org/wenji/pinseng041.html	0	0.551327	0.45492	1	1	人生七十、七十古來、古來稀	1
hbreader.org	人生七十古來稀	4	FALSE	10	Beyond form and laksana - Part 20 [Lecture] 見身無住離相見性分第二十 【講話】	http://hbreader.org/wenji/diamond40.html	0	0.399694	0.437447	1	1	人生七十、七十古來、古來稀	1
hbreader.org	人生七十古來稀	4	FALSE	11	Recounting Building a Life of Humanistic Buddhism 建立人間佛教的生活側記	http://hbreader.org/wenji/bainian11003.html	0	0.44246	0.409401	1	1	人生七十、七十古來、古來稀	1
hbreader.org	人生七十古來稀	4	FALSE	12	Volume 2: Diligence and Interpersonal Harmony in Life 第二冊 生活勤奮人和	http://hbreader.org/wenji/caigentan09.html	0	0.415022	0.410618	1	1	人生七十、七十古來、古來稀	1
hbreader.org	人生七十古來稀	4	FALSE	13	A Buddhist View of Space and Time 佛教的時空觀	http://hbreader.org/wenji/renjianfojiaoxilie2008.html	0	0.417541	0.380027	1	1	人生七十、七十古來、古來稀	1
hbreader.org	人生七十古來稀	4	FALSE	14	A Buddhist View of Happiness and Longevity 佛教的福壽觀	http://hbreader.org/wenji/renjianfojiaoxilie2003.html	0	0.436204	0.288349	1	1	人生七十、七十古來、古來稀	1
hbreader.org	人生七十古來稀	4	FALSE	15	Chapter 2: Stages of Life - Career Planning 卷二　生命的層次 ■生涯規畫	http://hbreader.org/wenji/wanshi11028.html	0	0.351099	0.270947	0.5	0	人生七十	0
hbreader.org	人生七十古來稀	4	FALSE	16	Remembering the Inspection of the Meiyue Medical Treatment Center 梅約醫療中心檢查記	http://hbreader.org/wenji/hezhang4003.html	0	0.303954	0.282304	1	1	人生七十、七十古來、古來稀	1
hbreader.org	人生七十古來稀	4	FALSE	17	Ci Poetry 詞	http://hbreader.org/wenji/fojiaocongshu09012a.html	0	0.313011	0.266819	0.5	0	人生七十	0
hbreader.org	人生七十古來稀	4	FALSE	18	Making Good Use of Spare Time 善用零碎時間	http://hbreader.org/wenji/miyun_shengming41.html	0	0.301439	0.266634	0.5	0	人生七十	0
hbreader.org	人生七十古來稀	4	FALSE	19	The View of Humanistic Buddhism Towards Some Problems - 4 A Buddhist View of Happiness and Longevity (Speech in Taipei at the Sun Yat-sen Memorial Hall) 人間佛教對一些問題的看法 第四篇　佛教的福壽觀(講於臺北國父紀念館)	http://hbreader.org/wenji/fojiaocongshu10049.html	0	0.372865	0.233444	1	1	人生七十、七十古來、古來稀	1
hbreader.org	人生七十古來稀	4	FALSE	20	Hsing Yun Diary 7 - Finding the Inner Heart Balance Point 星雲日記７～找出內心平衡點 找出內心平衡點(1990/10/1~10/15)	http://hbreader.org/wenji/riji91041.html	0	0.358513	0.235839	1	1	人生七十、七十古來、古來稀	1
hbreader.org	信仰生活化	3	FALSE	1	Levels of Faith 信仰的層次	http://hbreader.org/wenji/miyun_duyiqie20.html	0	1	1	0.66667	0	信仰生活	0
hbreader.org	信仰生活化	3	FALSE	2	Scroll 2: Why We should Live - Kinds of Happiness 卷二　為何而活 快樂的類別	http://hbreader.org/wenji/wanshi03032.html	0	0.91748	1.002672	0.66667	0	信仰生活	0
hbreader.org	信仰生活化	3	FALSE	3	Building Humanistic Buddhism  - Part 2: From Coming into this World to Leaving this World 人間佛教的建立 第二篇　從入世到出世	http://hbreader.org/wenji/fojiaocongshu01049.html	0	1.115357	0.90869	1	0	信仰生活、化	0
hbreader.org	信仰生活化	3	FALSE	4	Where the Future of Buddhism Lies (Lecture 3) 佛教的前途在那裡(第三講)	http://hbreader.org/wenji/renjianfojiaolun031.html	0	1.268162	0.758104	1	0	信仰、生活化	1
hbreader.org	信仰生活化	3	FALSE	5	Where the Future of Humanistic Buddhism Lies - Lecture 3 佛教的前途在那裏 第三篇　佛教的前途在那裏(第三講)	http://hbreader.org/wenji/fojiaocongshu10065.html	0	1.304673	0.747152	1	0	信仰、生活化	1
hbreader.org	信仰生活化	3	FALSE	6	How to Build Humanistic Buddhism - 4 How to Modernize Buddhism (Speech at Taichung Chunghsing Hall) 如何建設人間佛教 第四篇　佛教如何現代化(講於臺中中興堂)	http://hbreader.org/wenji/fojiaocongshu10056.html	0	1.199107	0.689548	1	0	信仰、生活化	1
hbreader.org	信仰生活化	3	FALSE	7	The Four Transformations of Modern Buddhism 現代佛教的四化	http://hbreader.org/wenji/renjianfojiaoxilie5005.html	0	1.187486	0.674927	1	0	信仰、生活化	1
hbreader.org	信仰生活化	3	FALSE	8	Lecture 12: Pilgrimage and Paying Respect to Buddha 第十二講．朝山禮佛	http://hbreader.org/wenji/monastery_gongxiu12.html	0	0.845148	0.714964	0.66667	0	信仰生活	0
hbreader.org	信仰生活化	3	FALSE	9	Scroll 1: Concepts of Buddhism - Modernization of Buddhism 卷一 佛教的理念 佛教現代化	http://hbreader.org/wenji/dharmawords3007.html	0	0.917266	0.699787	0.66667	0	生活化	1
hbreader.org	信仰生活化	3	FALSE	10	Buddha's Light Newsletter - Humanizing the Dharma 佛光世紀的來臨 佛法人間化	http://hbreader.org/wenji/renjianfojiaoshuxin014.html	0	0.906118	0.653054	0.66667	0	生活化	1
hbreader.org	信仰生活化	3	FALSE	11	Writings on Chan School Thought - Propagating the Dharma and Benefiting Sentient Beings 宗門思想篇 弘法利生	http://hbreader.org/wenji/renjianfojiaoyulu030.html	0	1.30513	0.583301	1	1	信仰生活、生活化	1
hbreader.org	信仰生活化	3	FALSE	12	A Religious Life 宗教生活	http://hbreader.org/wenji/miyun_shengming36.html	0	1.421803	0.780459	0.666667	0	信仰生活	0
hbreader.org	信仰生活化	3	FALSE	13	“Between Ignorance and Enlightenment 5” Preface 《迷悟之間５》序	http://hbreader.org/wenji/renjianfojiaoxuwen085.html	0	0.966	0.779109	0.666667	0	信仰生活	0
hbreader.org	信仰生活化	3	FALSE	14	To Have a Hobby 培養興趣	http://hbreader.org/wenji/miyun_zhenli83.html	0	1.236818	0.777226	0.666667	0	信仰生活	0
hbreader.org	信仰生活化	3	FALSE	15	Scroll 2: Truth in Life - The Essentials of Life 卷二 生命的真諦 生活之要	http://hbreader.org/wenji/dharmawords7044.html	0	1.404767	0.759912	0.666667	0	信仰生活	0
hbreader.org	信仰生活化	3	FALSE	16	Hsing Yun Diary 38 - Lowering Your Head: Preface - Good Medicine for Reforming the Spirit by Chen Zhesan 星雲日記38～低下頭 序／心靈改革的良藥／陳哲三	http://hbreader.org/wenji/riji94036.html	0	0.796369	0.585997	1	0	生活化	0
hbreader.org	信仰生活化	3	FALSE	17	Fo Guang Yuan Art Gallery “Art is a Ferry” Preface 佛光緣美術館《藝術擺渡》序	http://hbreader.org/wenji/renjianfojiaoxuwen107.html	0	1.154207	0.523282	1	0	信仰、生活化	1
hbreader.org	信仰生活化	3	FALSE	18	Hsing Yun Diary 11 - The Heart of a Bodhisattva: A Completely Harmonious Life by Chen Yuxin 星雲日記11～菩薩情懷 圓滿和諧的人生／陳雨鑫	http://hbreader.org/wenji/riji92001.html	0	0.791224	0.579251	1	0	生活化	1
hbreader.org	信仰生活化	3	FALSE	19	Hsing Yun Diary 17 - The Dharma Gate of Non-Duality: Reflection of Hsing Yun Diary 星雲日記17～不二法門 「星雲日記」的回響	http://hbreader.org/wenji/riji92042.html	0	0.801187	0.568898	1	0	生活化	1
hbreader.org	信仰生活化	3	FALSE	20	“Buddha's Light Philosophy” Preface: My View on the Thought and Philosophy of Humanistic Buddhism 《佛光學》序 : 我對人間佛教的思想理念	http://hbreader.org/wenji/renjianfojiaoxuwen063.html	0	1.123391	0.514447	1	0	信仰、生活化	1
hbreader.org	信仰生活化	3	FALSE	21	“The Here and Now is the Most Beautiful” Preface: The Wisdom of Happiness in Life 《當下最美好》序：智慧與喜悅的人生	http://hbreader.org/wenji/renjianfojiaoxuwen147.html	0	0.806857	0.556715	1	0	生活化	1
hbreader.org	信仰生活化	3	FALSE	22	“Chan in Daily Life” Life's Clear Sky 《人生禪》生命的晴空	http://hbreader.org/wenji/renjianfojiaoxuwen142.html	0	0.77193	0.554538	1	0	生活化	1
hbreader.org	信仰生活化	3	FALSE	23	“Fo Guang Yuan Art Gallery Repository Catalog” Preface 《佛光緣美術館典藏圖錄》序	http://hbreader.org/wenji/renjianfojiaoxuwen103.html	0	0.838135	0.5304	1	0	生活化	1
hbreader.org	信仰生活化	3	FALSE	24	1983 Letter for Spring Festival 1983年新春告白	http://hbreader.org/wenji/xinchungaobai033.html	0	0.908242	0.511017	1	0	信仰生活、化	0
hbreader.org	信仰生活化	3	FALSE	25	“The Heart Sutra in Cartoon Form” Preface: Gate of Skillful Means in the Opening of Wisdom 《漫畫心經》序：開啟智慧的方便門	http://hbreader.org/wenji/renjianfojiaoxuwen150.html	0	0.775913	0.533302	1	0	生活化	1
hbreader.org	信仰生活化	3	FALSE	26	“Famous Taiwanese Buddhist Temples” Preface: Prospects for Buddhism 《台灣佛教名剎》序：佛教前瞻	http://hbreader.org/wenji/renjianfojiaoxuwen118.html	0	1.2292	0.450053	1	0	信仰、生活化	1
hbreader.org	信仰生活化	3	FALSE	27	Volume 11: Fo Guang Studies  - Class 14: BLIA Members Working Tenets 第十一冊　佛光學 第十四課　佛光人的工作信條	http://hbreader.org/wenji/foguangjiaokeshu222.html	0	1.220925	0.438908	1	0	信仰、生活化	1
hbreader.org	信仰生活化	3	FALSE	28	Volume 5: Introduction to Schools - Class 21: Spread of Central Indian Buddhism 第五冊　宗派概論 第二十一課　中印佛教的流傳	http://hbreader.org/wenji/foguangjiaokeshu104.html	0	1.185336	0.443187	1	0	信仰、生活化	1
hbreader.org	信仰生活化	3	FALSE	29	Volume 8: Buddhism and Study about the World - Class 19: Buddhism and Etiquette Standards 第八冊　佛教與世學 第十九課　佛教與禮俗規範	http://hbreader.org/wenji/foguangjiaokeshu165.html	0	1.21352	0.402131	1	0	信仰、生活化	1
hbreader.org	信仰生活化	3	FALSE	30	Self-awareness and Practicing the Buddha’s Way 自覺與行佛	http://hbreader.org/wenji/dangdairen010.html	0	1.17965	0.401946	1	1	信仰生活、生活化	1
hbreader.org	信仰生活化	3	FALSE	31	Volume 9: Investigation of Buddhist Questions  - Class 8: Etiquette and Ceremony 第九冊　佛教問題探討 第八課　儀禮	http://hbreader.org/wenji/foguangjiaokeshu176.html	0	1.09318	0.400685	1	0	信仰、生活化	1
hbreader.org	信仰生活化	3	FALSE	32	Chan School - Introduction 禪宗 前言	http://hbreader.org/wenji/fojiaocongshu06001.html	0	0.907	0.567037	0.666667	0	生活化	1
hbreader.org	信仰生活化	3	FALSE	33	“Venerable Master Hsing Yun Words of Inspiration” Preface 自序《星雲大師開示語》	http://hbreader.org/wenji/renjianfojiaoxuwen041.html	0	1.238	0.564778	0.666667	0	生活化	1
hbreader.org	信仰生活化	3	FALSE	34	Where the Future of Humanistic Buddhism Lies - Lecture 2 佛教的前途在那裏 第二篇　佛教的前途在那裏(第二講)	http://hbreader.org/wenji/fojiaocongshu10064.html	0	1.064535	0.378699	1	0	信仰、生活化	1
hbreader.org	信仰生活化	3	FALSE	35	Where the Future of Buddhism Lies (Lecture 2) 佛教的前途在那裡(第二講)	http://hbreader.org/wenji/renjianfojiaolun030.html	0	1.063413	0.377965	1	0	信仰、生活化	1
hbreader.org	信仰生活化	3	FALSE	36	The Human World and Life 人間與生活	http://hbreader.org/wenji/dangdairen008.html	0	1.127774	0.365418	1	0	信仰、生活化	1
hbreader.org	信仰生活化	3	FALSE	37	Me and Buddhist Academic Activities 我與佛教學術活動	http://hbreader.org/wenji/bainian05007.html	0	1.007401	0.374724	1	0	信仰、生活化	1
hbreader.org	信仰生活化	3	FALSE	38	Section 3 Worldwide - Chapter 2: A Brief History of Korean Buddhism 第三篇　世界篇 第二章　韓國佛教簡史	http://hbreader.org/wenji/fojiaocongshu05025.html	0	0.98996	0.376487	1	0	信仰、生活化	1
hbreader.org	洗碗掃地以外沒有禪	5	FALSE	1	How to Build Humanistic Buddhism - 5 Chan and Modern Life 如何建設人間佛教 第五篇　禪與現代人的生活	http://hbreader.org/wenji/fojiaocongshu10057.html	0	1	1	1	1	洗碗掃地、掃地以外、以外沒有、沒有禪	1
hbreader.org	洗碗掃地以外沒有禪	5	FALSE	2	Preface - Chan and Modern Life 序－禪與現代人的生活	http://hbreader.org/wenji/platform01.html	0	0.97989	0.965592	1	1	洗碗掃地、掃地以外、以外沒有、沒有禪	1
hbreader.org	洗碗掃地以外沒有禪	5	FALSE	3	Chan and Modern Life 禪與現代人的生活	http://hbreader.org/wenji/renjianfojiaoxilie9004.html	0	0.961527	0.912361	1	1	洗碗掃地、掃地以外、以外沒有、沒有禪	1
hbreader.org	洗碗掃地以外沒有禪	5	FALSE	4	Pure Land Thought and Modern Life (3) 淨土思想與現代生活（三）	http://hbreader.org/wenji/renjianfojiaoxilie9013.html	0	0.695298	0.379296	1	0	洗碗掃地、掃地以外、沒有、禪	1
hbreader.org	洗碗掃地以外沒有禪	5	FALSE	5	Section 2 China - Chapter 13: Revival of the Former Glory of Humanistic Buddhism 第二篇　中國篇 第十三章　人間佛教的重光	http://hbreader.org/wenji/fojiaocongshu05022.html	0	0.485379	0.230493	1	0	洗碗掃地、掃地以外、沒有、禪	1
hbreader.org	我不知道另外還有什麼禪法	8	FALSE	1	How to Build Humanistic Buddhism - 5 Chan and Modern Life 如何建設人間佛教 第五篇　禪與現代人的生活	http://hbreader.org/wenji/fojiaocongshu10057.html	0	1	1	1	1	我不、不知道、知道另外、另外還有、還有什麼	1
hbreader.org	我不知道另外還有什麼禪法	8	FALSE	2	Chan and Modern Life 禪與現代人的生活	http://hbreader.org/wenji/renjianfojiaoxilie9004.html	0	1.003175	0.995385	1	1	我不、不知道、知道另外、另外還有、還有什麼	1
hbreader.org	我不知道另外還有什麼禪法	8	FALSE	3	Preface - Chan and Modern Life 序－禪與現代人的生活	http://hbreader.org/wenji/platform01.html	0	0.98366	0.953242	1	1	我不、不知道、知道另外、另外還有、還有什麼	1
hbreader.org	我不知道另外還有什麼禪法	8	FALSE	4	Chapter 4: Going Against Common Wisdom - Society in the Past 卷四　激發智慧 ■都會過去	http://hbreader.org/wenji/wanshi11076.html	0	0.952478	0.549827	0.833333	0	我不、不知道、還有什麼	0
hbreader.org	我不知道另外還有什麼禪法	8	FALSE	5	Chapter 20: The Way for Husband and Wife to get Along with Each Other 【二十說】夫妻相處之道	http://hbreader.org/wenji/pinseng021.html	0	1.183772	0.495339	1	0	我不、不知道、另外、還有什麼	0
hbreader.org	我不知道另外還有什麼禪法	8	FALSE	6	A Stupa 寶塔	http://hbreader.org/wenji/wusheng021.html	0	1.105485	0.490591	1	0	我不、不知道、另外還有、什麼	0
hbreader.org	我不知道另外還有什麼禪法	8	FALSE	7	1. A Young Lady with a Thousand Pieces of Gold and a Monastic with the Respect of Ten Thousand Pieces 一．千金小姐！萬金和尚！	http://hbreader.org/wenji/yulin001.html	0	1.012134	0.491033	0.833333	0	我不、不知道、還有什麼	0
hbreader.org	我不知道另外還有什麼禪法	8	FALSE	8	Chapter 24: I would like to Cultivate a “Buddhism Depends on Me” Concept 【二十四說】我要養成「佛教靠我」的理念	http://hbreader.org/wenji/pinseng025.html	0	0.887618	0.502237	0.833333	0	我不、不知道、還有什麼	0
hbreader.org	我不知道另外還有什麼禪法	8	FALSE	9	Handicraft Hobbies 愛好公義	http://hbreader.org/wenji/miyun_jiayouzhan84.html	0	0.970235	0.482929	0.833333	0	我不、另外、還有什麼	0
hbreader.org	我不知道另外還有什麼禪法	8	FALSE	10	Rahula: Foremost in Esoteric Practices - 2 Not Knowing his Father as a Child 羅睺羅－－密行第一 (2) 不識父親的孩子	http://hbreader.org/wenji/shidadizi119.html	0	0.930443	0.484614	0.833333	0	我不、不知道、還有什麼	0
hbreader.org	我不知道另外還有什麼禪法	8	FALSE	11	I Cannot  沒有辦法	http://hbreader.org/wenji/miyun_jiayouzhan07.html	0	1.223554	0.441813	1	0	我不、知道、另外、還有什麼	0
hbreader.org	我不知道另外還有什麼禪法	8	FALSE	12	Chapter 21: My Management Methods 【二十一說】我的管理模式	http://hbreader.org/wenji/pinseng022.html	0	0.883883	0.471344	0.833333	0	我不、不知道、還有什麼	0
hbreader.org	我不知道另外還有什麼禪法	8	FALSE	13	3. Only One Condition 三．只有一個條件	http://hbreader.org/wenji/yulin003.html	0	1.014942	0.443244	0.833333	0	我不、不知道、還有什麼	0
hbreader.org	我不知道另外還有什麼禪法	8	FALSE	14	Chapter 38: My View of Life and Death 【三十八說】我對生死的看法	http://hbreader.org/wenji/pinseng039.html	0	1.410059	0.390851	1	0	我不、不知道、另外、還有什麼	0
hbreader.org	我不知道另外還有什麼禪法	8	FALSE	15	My Convening of an Exoteric and Esoteric Buddhism Conference 我召開佛教顯密會議	http://hbreader.org/wenji/bainian12008.html	0	1.233378	0.409765	1	0	我不、不知道、另外還有、什麼	0
hbreader.org	我不知道另外還有什麼禪法	8	FALSE	16	Chapter 33: Establishment of my Vows 【三十三說】我的發心立願	http://hbreader.org/wenji/pinseng034.html	0	0.949538	0.443397	0.833333	0	我不、不知道、還有什麼	0
hbreader.org	我不知道另外還有什麼禪法	8	FALSE	17	Chapter 45: The Ten Great Disciples - Maudgalyayana: Foremost in Supernatural Powers 第四十五章　十大比丘弟子 ～神通第一目犍連	http://hbreader.org/wenji/shijia054.html	0	0.932049	0.443627	0.833333	0	我不、不知道、還有什麼	0
hbreader.org	我不知道另外還有什麼禪法	8	FALSE	18	Preface 【推薦序】	http://hbreader.org/wenji/wanshi10001.html	0	1.080224	0.416832	1	0	我不、不知道、另外、還有什麼	0
hbreader.org	我不知道另外還有什麼禪法	8	FALSE	19	To Discover Problems 要發現問題	http://hbreader.org/wenji/miyun_wuchang83.html	0	0.926369	0.420193	0.833333	0	我、不知道、還有什麼	0
hbreader.org	我不知道另外還有什麼禪法	8	FALSE	20	Life is Priceless (Politics) 生命無價(政治)	http://hbreader.org/wenji/fojiaocongshu03228.html	0	0.91981	0.413942	0.833333	0	我、不知道、還有什麼	0
hbreader.org	我不知道另外還有什麼禪法	8	FALSE	22	Memories of Joy and Suffering in Childhood Play 苦樂童玩記	http://hbreader.org/wenji/bainian01008.html	0	1.316082	0.324407	1	0	我不、不知道、另外還有、什麼	0
hbreader.org	我不知道另外還有什麼禪法	8	FALSE	23	4. Wedding Night 四．洞房花燭夜	http://hbreader.org/wenji/yulin004.html	0	0.922047	0.372981	0.833333	0	我不、知道、還有什麼	0
hbreader.org	我不知道另外還有什麼禪法	8	FALSE	24	Chapter 7: Where does my My Joyful Optimistism come from? 【七說】我的歡喜樂觀從哪裡來	http://hbreader.org/wenji/pinseng008.html	0	0.997165	0.355547	1	0	我不、知道、另外還有、還有什麼	0
hbreader.org	我不知道另外還有什麼禪法	8	FALSE	25	From Education and Practice Discussing Chan School Characteristics 從教學守道談禪宗的特色	http://hbreader.org/wenji/renjianfojiaoxilie9008.html	0	0.943503	0.358928	1	0	我不、不知道、另外、還有什麼	0
hbreader.org	我不知道另外還有什麼禪法	8	FALSE	26	I Can Tolerate this for a Lifetime 我就這樣忍了一生	http://hbreader.org/wenji/bainian02005.html	0	1.10412	0.337771	1	0	我不、不知道、另外、還有什麼	0
hbreader.org	我不知道另外還有什麼禪法	8	FALSE	27	My Affinity with Hong Kong Buddhism 我與香港佛教的法緣	http://hbreader.org/wenji/bainian09004.html	0	1.156487	0.33077	1	0	我、不知道、另外還有、什麼	0
hbreader.org	我不知道另外還有什麼禪法	8	FALSE	28	Temple's Ways of Teaching 叢林的教育法	http://hbreader.org/wenji/renjianfojiaoxilie6012.html	0	1.142604	0.329746	1	0	我不、不知道、另外、還有什麼	0
hbreader.org	我不知道另外還有什麼禪法	8	FALSE	29	Chapter 14: The Start of my New Buddhist Revolution 【十四說】我的新佛教改革初步	http://hbreader.org/wenji/pinseng015.html	0	1.232734	0.316876	1	0	我、不知道、另外還有、什麼	0
hbreader.org	我不知道另外還有什麼禪法	8	FALSE	30	The Awareness of Education in Meditative Practice 禪門的自覺教育	http://hbreader.org/wenji/renjianfojiaolun009.html	0	1.229029	0.315514	1	0	我不、不知道、另外還有、什麼	0
hbreader.org	我不知道另外還有什麼禪法	8	FALSE	31	Chapter 26: My Gratitude and Grudges, Passions and Animosities 【二十六說】我的恩怨情仇	http://hbreader.org/wenji/pinseng027.html	0	0.906804	0.352422	0.833333	0	我不、不知道、還有、什麼	0
hbreader.org	我不知道另外還有什麼禪法	8	FALSE	32	How I Managed Fo Guang Shan 我怎樣管理佛光山	http://hbreader.org/wenji/bainian11006.html	0	1.130487	0.322308	1	0	我不、不知道、另外、還有什麼	0
hbreader.org	我不知道另外還有什麼禪法	8	FALSE	33	15. Only the Dharma is the Best Law 十五．佛法才是最好的法律	http://hbreader.org/wenji/yulin015.html	0	0.885433	0.352454	0.833333	0	我不、不知道、還有什麼	0
hbreader.org	我不知道另外還有什麼禪法	8	FALSE	34	Mahamaudgalyayana - Foremost in Spiritual Power - 8 A Charming Enemy cannot March Spiritual Powers 目犍連－－神通第一 (8) 美色敵不過神通	http://hbreader.org/wenji/shidadizi025.html	0	0.923959	0.341644	0.833333	0	我不、知道、還有什麼	0
hbreader.org	我不知道另外還有什麼禪法	8	FALSE	35	One View, Four Ways 一個觀念，四個方法	http://hbreader.org/wenji/renjianfojiaoxilie6008.html	0	0.896669	0.344085	1	0	我不、不知道、另外還有、什麼	0
hbreader.org	我不知道另外還有什麼禪法	8	FALSE	36	Gold does not Move a Monastic's Heart  - Discussing my Ideas on Lack of Attraction to Money 黃金不動道人心──談我不為金錢誘惑的想法	http://hbreader.org/wenji/bainian02007.html	0	0.794035	0.355835	0.833333	0	我不、不知道、還有、什麼	0
hbreader.org	我不知道另外還有什麼禪法	8	FALSE	37	Chapter 15: The Media can Save Taiwan 【十五說】媒體可以救台灣	http://hbreader.org/wenji/pinseng016.html	0	1.070717	0.315931	1	0	我不、不知道、另外、還有、什麼	0
hbreader.org	我不知道另外還有什麼禪法	8	FALSE	38	The View of Humanistic Buddhism Towards Some Problems - 1 A Buddhist View of Wealth (Speech in Taipei at the Sun Yat-sen Memorial Hall) 人間佛教對一些問題的看法 第一篇　佛教的財富觀(講於臺北國父紀念館)	http://hbreader.org/wenji/fojiaocongshu10046.html	0	0.991787	0.322554	1	0	我不、不知道、另外、還有什麼	0
hbreader.org	我不知道另外還有什麼禪法	8	FALSE	39	My Translation Staff 我的翻譯人員	http://hbreader.org/wenji/bainian02002.html	0	0.986784	0.319385	1	0	我不、不知道、另外還有、什麼	0
hbreader.org	我不知道另外還有什麼禪法	8	FALSE	40	Chapter 35: Clothing, Food, Housing and Transport for my Life 【三十五說】我的生活衣食住行	http://hbreader.org/wenji/pinseng036.html	0	0.894107	0.330238	1	0	我不、知道、另外、還有什麼	0
hbreader.org	我不知道另外還有什麼禪法	8	FALSE	41	Chapter 4: Keeping in Step with the World - Roads 卷四　與世界接軌 ■路	http://hbreader.org/wenji/wanshi08072.html	0	0.957632	0.317498	0.833333	0	不、知道、另外還有、什麼	0
hbreader.org	我不知道另外還有什麼禪法	8	FALSE	42	Chapter 8: The Importance of Causes and Conditions in the Human World 【八說】人間因緣的重要	http://hbreader.org/wenji/pinseng009.html	0	1.195328	0.285029	1	0	我不、不知道、另外、還有、什麼	0
hbreader.org	我不知道另外還有什麼禪法	8	FALSE	43	The Causes and Conditions for My Establishing of Social Enterprises 我創辦社會事業的因緣	http://hbreader.org/wenji/bainian04009.html	0	1.21271	0.281257	1	0	我、不知道、另外還有、什麼	0
hbreader.org	我不知道另外還有什麼禪法	8	FALSE	44	Chapter 1: Life's Stations - Four Kinds of Worry 卷一　人生的站 ■四種焦慮	http://hbreader.org/wenji/wanshi10018.html	0	1.038415	0.30155	0.833333	0	我、不、另外、還有什麼	0
hbreader.org	我不知道另外還有什麼禪法	8	FALSE	45	Crucial Moments 關鍵時刻	http://hbreader.org/wenji/hezhang2007.html	0	1.056969	0.299136	1	0	我不、不知道、另外還有、什麼	0
hbreader.org	我不知道另外還有什麼禪法	8	FALSE	46	Chapter 1: Natural Life - Half and Half 卷一　大自然的生命 ■一半一半	http://hbreader.org/wenji/wanshi08002.html	0	1.016008	0.303926	0.666667	0	不、另外還有、什麼	0
hbreader.org	我不知道另外還有什麼禪法	8	FALSE	47	Memories of Sympathetic Response to Buddhas and bodhisattvas與佛菩薩感應記	http://hbreader.org/wenji/bainian02009.html	0	1.017933	0.301704	1	0	我不、不知道、另外、還有、什麼	0
hbreader.org	我不知道另外還有什麼禪法	8	FALSE	48	Society Issues Investigation (Volume 1) - A Buddhist View of 'Suicide' 社會議題探討（上冊） 佛教對「自殺問題」的看法	http://hbreader.org/wenji/renjianfojiaodangdai004.html	0	1.083075	0.292225	1	0	我不、不知道、另外還有、還有什麼	0
hbreader.org	我不知道另外還有什麼禪法	8	FALSE	49	The Affinities of my Public Speaking 我的講演緣	http://hbreader.org/wenji/bainian02001.html	0	1.139295	0.282716	1	0	我不、不知道、另外、還有、什麼	0
hbreader.org	我不知道另外還有什麼禪法	8	FALSE	50	Scroll 1: Another Kind of Wealth - Barriers to the Heart 卷一　另類的財富 心的柵欄	http://hbreader.org/wenji/wanshi02015.html	0	0.915963	0.308149	0.833333	0	我、不、另外還有、什麼	0
hbreader.org	一年之計，莫如樹谷	8	FALSE	1	The Buddha in Our Lives, Scroll 1: A Day in the Life 卷一 生活的佛教 一日的生活	http://hbreader.org/wenji/dharmawords2033.html	0	1	1	1	1	一年、年之、之計、莫如	1
hbreader.org	一年之計，莫如樹谷	8	FALSE	2	Chapter 1: A Plan for Life 卷一　人生之計 ■人生之計	http://hbreader.org/wenji/wanshi11008.html	0	0.434955	1.105218	0.8	0	一年、年之、之計	0
hbreader.org	一年之計，莫如樹谷	8	FALSE	3	Working to a Plan 用　計	http://hbreader.org/wenji/miyun_guanli92.html	0	0.436593	1.069873	0.8	0	一年、年之、之計	0
hbreader.org	一年之計，莫如樹谷	8	FALSE	4	Scroll 1: Do not Bicker - One Day Ten Plans 卷一　不要計較 一日十計	http://hbreader.org/wenji/wanshi05002.html	0	0.388721	0.946916	0.8	0	一年、年之、之計	0
hbreader.org	一年之計，莫如樹谷	8	FALSE	5	Chapter 3: Facing Death - Waste 卷三　面對死亡 ■浪費	http://hbreader.org/wenji/wanshi10058.html	0	0.353197	0.872088	0.8	0	一年、年之、之計	0
hbreader.org	一年之計，莫如樹谷	8	FALSE	6	The Buddha in Our Lives, Scroll 1: From a Day to a Lifetime 卷一 生活的佛教 一日到一生	http://hbreader.org/wenji/dharmawords2037.html	0	0.406878	0.738774	0.8	0	一年、之計	0
hbreader.org	一年之計，莫如樹谷	8	FALSE	7	Chapter 1: A Plan for Life - A Subsistence Plan 卷一　人生之計 ■維生之計	http://hbreader.org/wenji/wanshi11007.html	0	0.328994	0.564601	0.6	0	一、之計	0
hbreader.org	一年之計，莫如樹谷	8	FALSE	8	Chapter 1: A Plan for Life - Life's Fourteen Turns 卷一　人生之計 ■人生十四轉	http://hbreader.org/wenji/wanshi11006.html	0	0.320778	0.549597	0.6	0	一、之計	0
hbreader.org	一年之計，莫如樹谷	8	FALSE	9	Hsing Yun Diary 12 - Everywhere with no Families and Everywhere with Families: The Six Senses as a Place of Practice 星雲日記12～處處無家處處家 六根作道場(1991/7/16~7/31)	http://hbreader.org/wenji/riji92009.html	0	0.530049	0.444962	1	0	一年、年之、之計、莫如	1
hbreader.org	一年之計，莫如樹谷	8	FALSE	10	On the Dining Table 飯桌上	http://hbreader.org/wenji/miyun_chenggong10.html	0	0.302412	0.509529	0.8	0	一年、之計	0
hbreader.org	一年之計，莫如樹谷	8	FALSE	11	The Treasure of a Great Friendship 人貴相知	http://hbreader.org/wenji/miyun_shenghuo13.html	0	0.326563	0.492383	0.8	0	一年、之計	0
hbreader.org	一年之計，莫如樹谷	8	FALSE	12	Where is the Nobility? 貴人在那裏？	http://hbreader.org/wenji/miyun_jiayouzhan94.html	0	0.2781	0.504435	0.8	0	一年、之計	0
hbreader.org	十年之計	3	FALSE	1	The Buddha in Our Lives, Scroll 1: A Day in the Life 卷一 生活的佛教 一日的生活	http://hbreader.org/wenji/dharmawords2033.html	0	1	1	1	1	十年之、之計	1
hbreader.org	十年之計	3	FALSE	2	Chapter 1: A Plan for Life 卷一　人生之計 ■人生之計	http://hbreader.org/wenji/wanshi11008.html	0	0.974087	0.591053	1	0	十年、之計	0
hbreader.org	十年之計	3	FALSE	3	Working to a Plan 用　計	http://hbreader.org/wenji/miyun_guanli92.html	0	0.701238	0.620572	0.6667	0	之計	0
hbreader.org	十年之計	3	FALSE	4	The Buddha in Our Lives, Scroll 1: From a Day to a Lifetime 卷一 生活的佛教 一日到一生	http://hbreader.org/wenji/dharmawords2037.html	0	0.672894	0.603731	0.6667	0	之計	0
hbreader.org	十年之計	3	FALSE	5	Chapter 1: A Plan for Life - A Subsistence Plan 卷一　人生之計 ■維生之計	http://hbreader.org/wenji/wanshi11007.html	0	0.636185	0.570146	0.6667	0	之計	0
hbreader.org	十年之計	3	FALSE	6	Hsing Yun Diary 9 - Remain Carefree in Observing the Mind: Surveying the World 星雲日記９～觀心自在 放眼世界(1991/2/1~2/15)	http://hbreader.org/wenji/riji91053.html	0	0.638827	0.557961	1	1	十年之、之計	1
hbreader.org	十年之計	3	FALSE	7	Chapter 1: A Plan for Life - Life's Fourteen Turns 卷一　人生之計 ■人生十四轉	http://hbreader.org/wenji/wanshi11006.html	0	0.619924	0.554995	0.6667	0	之計	0
hbreader.org	十年之計	3	FALSE	8	Scroll 1: Do not Bicker - One Day Ten Plans 卷一　不要計較 一日十計	http://hbreader.org/wenji/wanshi05002.html	0	0.634661	0.51031	0.6667	0	之計	0
hbreader.org	十年之計	3	FALSE	9	Chapter 1: Cities of Life - Ten Chants for Poverty 卷一　人生的城市 ■十窮吟	http://hbreader.org/wenji/wanshi09007.html	0	0.477444	0.495938	0.6667	0	十年之	0
hbreader.org	十年之計	3	FALSE	10	“General Record of Taiwanese Buddhist Structures and Buildings” Preface 《台灣佛教寺院庵堂總錄》序	http://hbreader.org/wenji/renjianfojiaoxuwen120.html	0	0.468491	0.464382	0.6667	0	十年之	0
hbreader.org	十年之計	3	FALSE	11	Freeing Yourself from Difficulty 脫　困	http://hbreader.org/wenji/miyun_guanli06.html	0	0.506948	0.451988	0.6667	0	之計	0
hbreader.org	十年之計	3	FALSE	12	Chapter 3: Facing Death - Waste 卷三　面對死亡 ■浪費	http://hbreader.org/wenji/wanshi10058.html	0	0.514279	0.44938	0.6667	0	之計	0
hbreader.org	十年之計	3	FALSE	13	Text - Instructions to Children 文 ■家訓	http://hbreader.org/wenji/fojiaocongshu09055.html	0	0.44105	0.384867	0.6667	0	之計	0
hbreader.org	十年之計	3	FALSE	14	Chapter 1: A Plan for Life - A Woman's Life 卷一　人生之計 ■女人的一生	http://hbreader.org/wenji/wanshi11014.html	0	0.69495	0.339299	1	0	十年、之計	0
hbreader.org	十年之計	3	FALSE	15	Chapter 1: A Plan for Life - Bearing and Raising Children 卷一　人生之計 ■生兒育女	http://hbreader.org/wenji/wanshi11022.html	0	0.695933	0.33734	1	0	十年、之計	0
hbreader.org	十年之計	3	FALSE	16	Hope and Encouragement: Prayer for a New Start 勉勵‧期許 晨起祈願文	http://hbreader.org/wenji/prayers26.html	0	0.421397	0.379315	0.6667	0	之計	0
hbreader.org	十年之計	3	FALSE	17	Chapter 1: A Plan for Life - Six Kinds of People 卷一　人生之計 ■六種人	http://hbreader.org/wenji/wanshi11015.html	0	0.597547	0.346338	0.6667	0	之計	0
hbreader.org	十年之計	3	FALSE	18	Scroll 2: Treasures Passed through the Generations - Conditions for a Peaceful Family 卷二 傳家之寶 家庭和諧的條件	http://hbreader.org/wenji/dharmawords10055.html	0	0.429259	0.371543	0.6667	0	之計	0
hbreader.org	十年之計	3	FALSE	19	Precepts Need Patience 戒急用忍	http://hbreader.org/wenji/miyun_zhenli22.html	0	0.425127	0.370104	0.6667	0	之計	0
hbreader.org	十年之計	3	FALSE	20	The Treasure of a Great Friendship 人貴相知	http://hbreader.org/wenji/miyun_shenghuo13.html	0	0.520068	0.353914	0.6667	0	之計	0
hbreader.org	十年之計	3	FALSE	21	Giving Up Habits (Cultivation) 革除習氣(修持)	http://hbreader.org/wenji/fojiaocongshu03161.html	0	0.416712	0.366493	0.6667	0	之計	0
hbreader.org	十年之計	3	FALSE	22	The Abhorrence of Falsehood 假的可怕	http://hbreader.org/wenji/miyun_zhenli26.html	0	0.420126	0.365474	0.6667	0	之計	0
hbreader.org	十年之計	3	FALSE	23	On the Dining Table 飯桌上	http://hbreader.org/wenji/miyun_chenggong10.html	0	0.406869	0.366238	0.6667	0	之計	0
hbreader.org	十年之計	3	FALSE	24	Chapter 1: A Plan for Life - Take up an Official Post and Stepping Down 卷一　人生之計 ■上台與下台	http://hbreader.org/wenji/wanshi11013.html	0	0.405176	0.364714	0.6667	0	之計	0
hbreader.org	十年之計	3	FALSE	25	Where is the Nobility? 貴人在那裏？	http://hbreader.org/wenji/miyun_jiayouzhan94.html	0	0.412423	0.362576	0.6667	0	之計	0
hbreader.org	十年之計	3	FALSE	26	Scroll 1: What is on a Politician's Mind - Prerequisites for Carrying a Heavy Load 卷一 政治人的胸懷 負重的條件	http://hbreader.org/wenji/dharmawords9009.html	0	0.420415	0.360464	0.6667	0	之計	0
hbreader.org	十年之計	3	FALSE	27	Hsing Yun Diary 12 - Everywhere with no Families and Everywhere with Families: The Six Senses as a Place of Practice 星雲日記12～處處無家處處家 六根作道場(1991/7/16~7/31)	http://hbreader.org/wenji/riji92009.html	0	0.47417	0.352119	1	1	十年之、之計	1
hbreader.org	十年之計	3	FALSE	28	Chapter 1: A Plan for Life - Six Goods for Your Conscience 卷一　人生之計 ■人心六好	http://hbreader.org/wenji/wanshi11002.html	0	0.420919	0.358376	0.6667	0	之計	0
hbreader.org	十年之計	3	FALSE	29	Chapter 1: A Plan for Life - Six Bads for Your Conscience 卷一　人生之計 ■人心六壞	http://hbreader.org/wenji/wanshi11003.html	0	0.421981	0.357645	0.6667	0	之計	0
hbreader.org	十年之計	3	FALSE	30	Morning Assembly 朝　會	http://hbreader.org/wenji/miyun_gaochu91.html	0	0.400867	0.360835	0.6667	0	之計	0
hbreader.org	十年之計	3	FALSE	31	1. China - State Preceptor Cheng Guan, who Expounded and Propagated the Flower Garland Sutra 壹、中國 ■闡揚華嚴澄觀國師	http://hbreader.org/wenji/fojiaocongshu04022.html	0	0.539154	0.338799	1	0	十年之、計	0
hbreader.org	十年之計	3	FALSE	32	Chapter 1: A Plan for Life - Failure 卷一　人生之計 ■失敗	http://hbreader.org/wenji/wanshi11018.html	0	0.505463	0.343174	0.6667	0	之計	0
hbreader.org	十年之計	3	FALSE	33	Scroll 3: Acknowledging the World - True Appearance 卷三 認知世間 真相	http://hbreader.org/wenji/dharmawords9078.html	0	0.419355	0.355109	0.6667	0	之計	0
hbreader.org	十年之計	3	FALSE	34	Chapter 1: Cultivation of Giving - Sages in the Human World 卷一　給的修行 ■人間聖賢	http://hbreader.org/wenji/wanshi12011.html	0	0.509523	0.340949	0.6667	0	之計	0
hbreader.org	十年之計	3	FALSE	35	Chapter 1: A Plan for Life - Life's Essence 卷一　人生之計 ■人生實相	http://hbreader.org/wenji/wanshi11010.html	0	0.405956	0.356674	0.6667	0	之計	0
hbreader.org	十年之計	3	FALSE	36	Chapter 1: A Plan for Life - Life's Eight Fears 卷一　人生之計 ■人生八怕	http://hbreader.org/wenji/wanshi11005.html	0	0.409825	0.35595	0.6667	0	之計	0
hbreader.org	十年之計	3	FALSE	37	Hidden Act of Goodness 陰　德	http://hbreader.org/wenji/miyun_cengci50.html	0	0.405162	0.35595	0.6667	0	之計	0
hbreader.org	十年之計	3	FALSE	38	Chapter 1: A Plan for Life - Capital 卷一　人生之計 ■本錢	http://hbreader.org/wenji/wanshi11021.html	0	0.40672	0.353082	0.6667	0	之計	0
hbreader.org	十年之計	3	FALSE	39	Chapter 1: A Plan for Life - The True Meaning of Equality 卷一　人生之計 ■平等的真義	http://hbreader.org/wenji/wanshi11019.html	0	0.406463	0.352845	0.6667	0	之計	0
hbreader.org	十年之計	3	FALSE	40	Chapter 1: A Plan for Life - How Much is One? 卷一　人生之計 ■一是多少	http://hbreader.org/wenji/wanshi11001.html	0	0.410974	0.351548	0.6667	0	之計	0
hbreader.org	十年之計	3	FALSE	41	Scroll 1: Wisdom in Life - Life in the Here and Now 卷一 人生的智慧 人生的當下	http://hbreader.org/wenji/dharmawords7017.html	0	0.399563	0.350844	0.6667	0	之計	0
hbreader.org	十年之計	3	FALSE	42	Ways of doing Things 手　段	http://hbreader.org/wenji/miyun_chenggong57.html	0	0.390419	0.35143	0.6667	0	之計	0
hbreader.org	十年之計	3	FALSE	43	A Record of Repentance 懺悔錄	http://hbreader.org/wenji/wangshi6005.html	0	0.444012	0.341154	0.6667	0	十年之	0
hbreader.org	十年之計	3	FALSE	44	Chapter 3: Dealing with Right and Wrong - Buddhist Hymns 卷三　是非的處理 ■梵唄	http://hbreader.org/wenji/wanshi12050.html	0	0.40323	0.347253	0.6667	0	之計	0
hbreader.org	十年之計	3	FALSE	45	Chapter 1: A Plan for Life - People's Surroundings 卷一　人生之計 ■人的周遭	http://hbreader.org/wenji/wanshi11011.html	0	0.399908	0.346795	0.6667	0	之計	0
hbreader.org	十年之計	3	FALSE	46	Volume 2: Teaching and Transforming through Spiritual Practice Responsibility 第二冊 教化修行責任	http://hbreader.org/wenji/caigentan10.html	0	0.48662	0.33338	0.6667	0	之計	0
hbreader.org	十年之計	3	FALSE	47	Chapter 4: Social Welfare - Rumors 卷四　社會福利 謠言	http://hbreader.org/wenji/wanshi06089.html	0	0.395497	0.347138	0.6667	0	之計	0
hbreader.org	十年之計	3	FALSE	48	Chapter 1: A Plan for Life - Life's 'Path' 卷一　人生之計 ■人生的「路」	http://hbreader.org/wenji/wanshi11009.html	0	0.393868	0.345655	0.6667	0	之計	0
hbreader.org	十年之計	3	FALSE	49	Chapter 2: Thinking about Positioning for Advantage - East to West 卷二　往好處想 ■東西	http://hbreader.org/wenji/wanshi09036.html	0	0.401704	0.344072	0.6667	0	之計	0
hbreader.org	十年之計	3	FALSE	50	Chapter 1: A Plan for Life - Water as a Teacher 卷一　人生之計 ■以水為師	http://hbreader.org/wenji/wanshi11017.html	0	0.404355	0.343623	0.6667	0	之計	0
hbreader.org	莫如樹木	2	FALSE	1	The Buddha in Our Lives, Scroll 1: A Day in the Life 卷一 生活的佛教 一日的生活	http://hbreader.org/wenji/dharmawords2033.html	0	1	1	1	1	莫如樹木	1
hbreader.org	莫如樹木	2	FALSE	2	Hsing Yun Diary 12 - Everywhere with no Families and Everywhere with Families: The Six Senses as a Place of Practice 星雲日記12～處處無家處處家 六根作道場(1991/7/16~7/31)	http://hbreader.org/wenji/riji92009.html	0	0.441778	0.266901	1	1	莫如樹木	1
hbreader.org	箴者	2	FALSE	1	Path of Cultivation, Scroll 2: Five Warnings for Raising Children 卷二 修行之道 五養箴	http://hbreader.org/wenji/dharmawords2049.html	0	1	1	1	1	箴者	1
hbreader.org	遠績不辭小	5	FALSE	1	Scroll 1 Adapting to the Path of Life: Starting 卷一 調適生命之道 開始	http://hbreader.org/wenji/dharmawords1043.html	0	1	1	1	1	遠績、績不、不辭、辭小	1
hbreader.org	遠績不辭小	5	FALSE	2	Scroll 2: Managing the Mind - The Power of Perseverance 卷二 心的管理 恆心的力量	http://hbreader.org/wenji/dharmawords3070.html	0	0.429636	0.398664	0.6	0	不辭、辭小	0
hbreader.org	遠績不辭小	5	FALSE	3	Society and the Workforce: A Prayer for Emergency Workers 社會‧職業 為救難人員祈願文	http://hbreader.org/wenji/prayers59.html	0	0.361032	0.402345	0.6	0	不辭、辭小	0
hbreader.org	遠績不辭小	5	FALSE	4	The Buddha in Our Lives, Scroll 1: Small Matters Cannot be Taken Lightly (2) 卷一 生活的佛教 小事不可輕（下）	http://hbreader.org/wenji/dharmawords2007.html	0	0.424501	0.388014	0.6	0	不辭、辭小	0